DROP TABLE IF EXISTS `sdc98_ak_profiles`;
CREATE TABLE `sdc98_ak_profiles` (   `id` int(10) unsigned NOT NULL AUTO_INCREMENT,   `description` varchar(255) NOT NULL,   `configuration` longtext,   `filters` longtext,   PRIMARY KEY (`id`) ) ENGINE=InnoDB AUTO_INCREMENT=2 DEFAULT CHARSET=utf8;
INSERT INTO `sdc98_ak_profiles`  VALUES ('1', 'Default Backup Profile', '###AES128###a3xUjFK/SJsb6UwVDLPu9cbrJupgebzr8cSyhSrj5NR+8+f04DlumOB4KD+quPjhdnnRYqZ/ERARzToLDfQ02Lo/42NQ8Pv83trx4gqUjOLfBIg+LmBW0HE7Rwi+J/vTAuz5p71K1GVnrHIzyYC1VSeRp6FV+8WBKlJrQNPSlqhmUfmDq9UJ05w5Bj1c4TzlTvo4/zhoALM4JU21vCmSCD+fbYpeP/+zyJ0f+4cgvgow+g62X0kc2LsOlEYBjcZuuECEklQXB/K4Mq4JeXvwDRspf8KHq9tNENtM6AAorhgX2If2EZyAkrNvNhssitOg4vBzcC9VnmhfG2hpm/Bg1Syg6QqsG3X6DcHwPiKTwUDSRO0DCPhhbo730dBBEM/endUSPIpYkcaA33IlSJuGWtWrtRrKDtWqJRR0JlN2BiTu5rAVTRuOtBIBieRIApIxXIt7A26+jZLc5HiWDBsMg2i+xmqUcwmq6ilS+lKiBFQUapV0awcLe1d72NRgNa4sTpow9wSL/vFQRx4YsxM7p+QKXcO1P6Z93AGsBlMxT9Sl9IseAvUbhzEsYXL0DrwY2d5nCz9TPbiyrbq7vmFxB+hnew9ETaAQLvgGSfXxDX0nMRNDCmX2SeFL7T9avLSWUNvfX7kg8v60CE88OJrJzjP3Cg2+kwcQgaWByWSDiAZTcZBQbHxcshe2G+UxrD9Z+rDYuomo50bifMqWcB4QRnqaa0ctq790TgKp9DQzh/d/c9kswotFduO1HF6IS2UKGVfTPadazXJGNuUTXabP43y1Ho+IVWBWleIF9aPipQGXTmSLWcebuHONHXunLRRwORhbobt0iSD9Pf2BRK6q7q5y1MGPEG5mCBWwBtzJkC+Omf4uZxmDtlE7/iS9CPa+YAbCpQ4FOXnVYLOZdhJbmBywuQxrsBz3wdwQdSZjEPl8uNAv3busQOGeWjm4pK3EXTooHWviPmoPnOcQ08tLvsjEaknTG3q0Cmt2ElkxjeQi1H45nXhQ30yeIAaIa0UzMlPEwJg5QZgICvaEUcBbgNBybDQbLkpy56+sh7wDSHId9vsfCX8yAWnaPlmsqbiz4Ru+YGaSggXDFtJFHkDBbQ492rk2KbdZJP6MKBgdQZnZGOLlJHQaSkUsZS/1pxHCiqlwQC19S8IZSubnBU80lwt87bnVyFanH1FOiE9dOg/nlgyg51gi9k+ptEUyazCWW9P4c0PMhVIlKqP+0F8Py7On/A5eQCluNTIR+RGEw8YMMgYO8UKyMov3XTcDA5RramYZAbdtSHlb4Y2cjBxeVtn+f+yGS1hkcc9qx13qtfVCwpRBCtCW6++BG3INSdKvVsj2EVB7gP1sxNElgq5ZxKGAt8zFLy1x7lIitsmhKTUqdwmrpwJCHYdqzH4m2Wa0W9kXb4nwHEQ62b2aEOoEjOedVyTz1JCeDKTSqRCRUFG1jp0RM4OQYeblblBNBWd3bMVJK5tBNDIl/y/vTGoCv4Q6M0HF8ePB5QfYSkA3q/LfY8+le7gTsT6THZ+4kPRsgENKG6h8ZevMZmhYaVz4I7QwN4tbbbjHLW6d9c5I1GykPbd3DeV/6DFlXhsWNajZRlpD9ZATiMPKMpsHriHm3v9PP4WfOtOhvXlxZpu9tLdGnhX+aq8ZYuIs6tQ9Ots+BnyEnXcm7wsB57D6RhSsURdOiAZShYZxXfuM97DoD6+b4CV7szSuI+gUlV2SxR/oq7YZvBnkDrLkQ0WGU7Gapu06whi6g2n8WU4whxSlpWdgQqxqpzEBP/DCY3AtkfE7LVW1v9qFYRQVbsbecALFWf3PKGDpxDILufL7cvpDSFb4uDszaSSSOdO1Dsi18URr1s+qfY62DAox5K4beweSDoGfVq4lGd6+qLTtw2a1KinFRA7Ror4b2NHjh+LG8U+BkFeZGSysCyzP5q20dca6VwRDka2PCx5QNpqr399xsvnebBRonMcC0fOO9BDU1VNHOGWxRePVi9L5Zo6KiXcVRKFq9Ta5jFnH+OKthcWB15TyhRh3jstlAlZDQEfpCO8yV36oPZME+sziPidGYLh03EyZC2MP+viBtsHPHjK0w+XlcSUEgpakGrjI5wFNArF8lgi9ighvOnvXL8X0z8tEK3J+3+PVBnrhT9SOm26hnHB8SWS52OBWf/UdmQklpMkEexdNan6iWyPhAh4bCybcWTV9lorO2UFcPHHvA5XVuEc0xne2tDlSt/gW7y7mZ1U7j8adLSiaIx5Rq/Chc+K3TyK7k7sG4B0P/qNKLgJCS8ykBgAA', '');
DROP TABLE IF EXISTS `sdc98_ak_stats`;
CREATE TABLE `sdc98_ak_stats` (   `id` bigint(20) unsigned NOT NULL AUTO_INCREMENT,   `description` varchar(255) NOT NULL,   `comment` longtext,   `backupstart` timestamp NOT NULL DEFAULT '0000-00-00 00:00:00',   `backupend` timestamp NOT NULL DEFAULT '0000-00-00 00:00:00',   `status` enum('run','fail','complete') NOT NULL DEFAULT 'run',   `origin` varchar(30) NOT NULL DEFAULT 'backend',   `type` varchar(30) NOT NULL DEFAULT 'full',   `profile_id` bigint(20) NOT NULL DEFAULT '1',   `archivename` longtext,   `absolute_path` longtext,   `multipart` int(11) NOT NULL DEFAULT '0',   `tag` varchar(255) DEFAULT NULL,   `filesexist` tinyint(3) NOT NULL DEFAULT '1',   `remote_filename` varchar(1000) DEFAULT NULL,   `total_size` bigint(20) NOT NULL DEFAULT '0',   PRIMARY KEY (`id`),   KEY `idx_fullstatus` (`filesexist`,`status`),   KEY `idx_stale` (`status`,`origin`) ) ENGINE=InnoDB AUTO_INCREMENT=3 DEFAULT CHARSET=utf8;
INSERT INTO `sdc98_ak_stats`  VALUES ('1', 'Backup taken on 21.07.2014 11:50', '', '2014-07-21 11:50:59', '2014-07-21 12:05:16', 'complete', 'backend', 'full', '1', 'site-localhost-20140721-115059.zip', 'Z:/home/localhost/www/printondemandsolution/administrator/components/com_akeeba/backup/site-localhost-20140721-115059.zip', '1', 'backend', '1', NULL, '31740994'), ('2', 'Backup taken on 21.07.2014 12:31', '', '2014-07-21 12:31:58', '0000-00-00 00:00:00', 'complete', 'backend', 'dbonly', '1', 'site-localhost-20140721-123158.sql', 'Z:/home/localhost/www/printondemandsolution/administrator/components/com_akeeba/backup/site-localhost-20140721-123158.sql', '0', 'backend', '1', NULL, '0');
DROP TABLE IF EXISTS `sdc98_ak_storage`;
CREATE TABLE `sdc98_ak_storage` (   `tag` varchar(255) NOT NULL,   `lastupdate` timestamp NOT NULL DEFAULT CURRENT_TIMESTAMP ON UPDATE CURRENT_TIMESTAMP,   `data` longtext,   PRIMARY KEY (`tag`) ) ENGINE=InnoDB DEFAULT CHARSET=utf8;
DROP TABLE IF EXISTS `sdc98_assets`;
CREATE TABLE `sdc98_assets` (   `id` int(10) unsigned NOT NULL AUTO_INCREMENT COMMENT 'Primary Key',   `parent_id` int(11) NOT NULL DEFAULT '0' COMMENT 'Nested set parent.',   `lft` int(11) NOT NULL DEFAULT '0' COMMENT 'Nested set lft.',   `rgt` int(11) NOT NULL DEFAULT '0' COMMENT 'Nested set rgt.',   `level` int(10) unsigned NOT NULL COMMENT 'The cached level in the nested tree.',   `name` varchar(50) NOT NULL COMMENT 'The unique name for the asset.\n',   `title` varchar(100) NOT NULL COMMENT 'The descriptive title for the asset.',   `rules` varchar(5120) NOT NULL COMMENT 'JSON encoded access control.',   PRIMARY KEY (`id`),   UNIQUE KEY `idx_asset_name` (`name`),   KEY `idx_lft_rgt` (`lft`,`rgt`),   KEY `idx_parent_id` (`parent_id`) ) ENGINE=InnoDB AUTO_INCREMENT=40 DEFAULT CHARSET=utf8;
INSERT INTO `sdc98_assets`  VALUES ('1', '0', '1', '77', '0', 'root.1', 'Root Asset', '{\"core.login.site\":{\"6\":1,\"2\":1},\"core.login.admin\":{\"6\":1},\"core.login.offline\":{\"6\":1},\"core.admin\":{\"8\":1},\"core.manage\":{\"7\":1},\"core.create\":{\"6\":1,\"3\":1},\"core.delete\":{\"6\":1},\"core.edit\":{\"6\":1,\"4\":1},\"core.edit.state\":{\"6\":1,\"5\":1},\"core.edit.own\":{\"6\":1,\"3\":1}}'), ('2', '1', '1', '2', '1', 'com_admin', 'com_admin', '{}'), ('3', '1', '3', '6', '1', 'com_banners', 'com_banners', '{\"core.admin\":{\"7\":1},\"core.manage\":{\"6\":1},\"core.create\":[],\"core.delete\":[],\"core.edit\":[],\"core.edit.state\":[]}'), ('4', '1', '7', '8', '1', 'com_cache', 'com_cache', '{\"core.admin\":{\"7\":1},\"core.manage\":{\"7\":1}}'), ('5', '1', '9', '10', '1', 'com_checkin', 'com_checkin', '{\"core.admin\":{\"7\":1},\"core.manage\":{\"7\":1}}'), ('6', '1', '11', '12', '1', 'com_config', 'com_config', '{}'), ('7', '1', '13', '16', '1', 'com_contact', 'com_contact', '{\"core.admin\":{\"7\":1},\"core.manage\":{\"6\":1},\"core.create\":[],\"core.delete\":[],\"core.edit\":[],\"core.edit.state\":[],\"core.edit.own\":[]}'), ('8', '1', '17', '24', '1', 'com_content', 'com_content', '{\"core.admin\":{\"7\":1},\"core.manage\":{\"6\":1},\"core.create\":{\"3\":1},\"core.delete\":[],\"core.edit\":{\"4\":1},\"core.edit.state\":{\"5\":1},\"core.edit.own\":[]}'), ('9', '1', '25', '26', '1', 'com_cpanel', 'com_cpanel', '{}'), ('10', '1', '27', '28', '1', 'com_installer', 'com_installer', '{\"core.admin\":[],\"core.manage\":{\"7\":0},\"core.delete\":{\"7\":0},\"core.edit.state\":{\"7\":0}}'), ('11', '1', '29', '30', '1', 'com_languages', 'com_languages', '{\"core.admin\":{\"7\":1},\"core.manage\":[],\"core.create\":[],\"core.delete\":[],\"core.edit\":[],\"core.edit.state\":[]}'), ('12', '1', '31', '32', '1', 'com_login', 'com_login', '{}'), ('13', '1', '33', '34', '1', 'com_mailto', 'com_mailto', '{}'), ('14', '1', '35', '36', '1', 'com_massmail', 'com_massmail', '{}'), ('15', '1', '37', '38', '1', 'com_media', 'com_media', '{\"core.admin\":{\"7\":1},\"core.manage\":{\"6\":1},\"core.create\":{\"3\":1},\"core.delete\":{\"5\":1}}'), ('16', '1', '39', '40', '1', 'com_menus', 'com_menus', '{\"core.admin\":{\"7\":1},\"core.manage\":[],\"core.create\":[],\"core.delete\":[],\"core.edit\":[],\"core.edit.state\":[]}'), ('17', '1', '41', '42', '1', 'com_messages', 'com_messages', '{\"core.admin\":{\"7\":1},\"core.manage\":{\"7\":1}}'), ('18', '1', '43', '44', '1', 'com_modules', 'com_modules', '{\"core.admin\":{\"7\":1},\"core.manage\":[],\"core.create\":[],\"core.delete\":[],\"core.edit\":[],\"core.edit.state\":[]}'), ('19', '1', '45', '48', '1', 'com_newsfeeds', 'com_newsfeeds', '{\"core.admin\":{\"7\":1},\"core.manage\":{\"6\":1},\"core.create\":[],\"core.delete\":[],\"core.edit\":[],\"core.edit.state\":[],\"core.edit.own\":[]}'), ('20', '1', '49', '50', '1', 'com_plugins', 'com_plugins', '{\"core.admin\":{\"7\":1},\"core.manage\":[],\"core.edit\":[],\"core.edit.state\":[]}'), ('21', '1', '51', '52', '1', 'com_redirect', 'com_redirect', '{\"core.admin\":{\"7\":1},\"core.manage\":[]}'), ('22', '1', '53', '54', '1', 'com_search', 'com_search', '{\"core.admin\":{\"7\":1},\"core.manage\":{\"6\":1}}'), ('23', '1', '55', '56', '1', 'com_templates', 'com_templates', '{\"core.admin\":{\"7\":1},\"core.manage\":[],\"core.create\":[],\"core.delete\":[],\"core.edit\":[],\"core.edit.state\":[]}'), ('24', '1', '57', '60', '1', 'com_users', 'com_users', '{\"core.admin\":{\"7\":1},\"core.manage\":[],\"core.create\":[],\"core.delete\":[],\"core.edit\":[],\"core.edit.state\":[]}'), ('25', '1', '61', '64', '1', 'com_weblinks', 'com_weblinks', '{\"core.admin\":{\"7\":1},\"core.manage\":{\"6\":1},\"core.create\":{\"3\":1},\"core.delete\":[],\"core.edit\":{\"4\":1},\"core.edit.state\":{\"5\":1},\"core.edit.own\":[]}'), ('26', '1', '65', '66', '1', 'com_wrapper', 'com_wrapper', '{}'), ('27', '8', '18', '23', '2', 'com_content.category.2', 'Без категории', '{\"core.create\":[],\"core.delete\":[],\"core.edit\":[],\"core.edit.state\":[],\"core.edit.own\":[]}'), ('28', '3', '4', '5', '2', 'com_banners.category.3', 'Без категории', '{\"core.create\":[],\"core.delete\":[],\"core.edit\":[],\"core.edit.state\":[]}'), ('29', '7', '14', '15', '2', 'com_contact.category.4', 'Без категории', '{\"core.create\":[],\"core.delete\":[],\"core.edit\":[],\"core.edit.state\":[],\"core.edit.own\":[]}'), ('30', '19', '46', '47', '2', 'com_newsfeeds.category.5', 'Без категории', '{\"core.create\":[],\"core.delete\":[],\"core.edit\":[],\"core.edit.state\":[],\"core.edit.own\":[]}'), ('31', '25', '62', '63', '2', 'com_weblinks.category.6', 'Без категории', '{\"core.create\":[],\"core.delete\":[],\"core.edit\":[],\"core.edit.state\":[],\"core.edit.own\":[]}'), ('32', '24', '58', '59', '1', 'com_users.category.7', 'Без категории', '{\"core.create\":[],\"core.delete\":[],\"core.edit\":[],\"core.edit.state\":[]}'), ('33', '1', '67', '68', '1', 'com_finder', 'com_finder', '{\"core.admin\":{\"7\":1},\"core.manage\":{\"6\":1}}'), ('34', '1', '69', '70', '1', 'com_joomlaupdate', 'com_joomlaupdate', '{\"core.admin\":[],\"core.manage\":[],\"core.delete\":[],\"core.edit.state\":[]}'), ('35', '1', '71', '72', '1', 'com_zoo', 'com_zoo', '{}'), ('36', '27', '19', '20', '3', 'com_content.article.1', 'О нас', '{\"core.delete\":{\"6\":1},\"core.edit\":{\"6\":1,\"4\":1},\"core.edit.state\":{\"6\":1,\"5\":1}}'), ('37', '27', '21', '22', '3', 'com_content.article.2', 'Контакты', '{\"core.delete\":{\"6\":1},\"core.edit\":{\"6\":1,\"4\":1},\"core.edit.state\":{\"6\":1,\"5\":1}}'), ('38', '1', '73', '74', '1', 'com_foxcontact', 'com_foxcontact', '{}'), ('39', '1', '75', '76', '1', 'com_akeeba', 'akeeba', '{}');
DROP TABLE IF EXISTS `sdc98_associations`;
CREATE TABLE `sdc98_associations` (   `id` varchar(50) NOT NULL COMMENT 'A reference to the associated item.',   `context` varchar(50) NOT NULL COMMENT 'The context of the associated item.',   `key` char(32) NOT NULL COMMENT 'The key for the association computed from an md5 on associated ids.',   PRIMARY KEY (`context`,`id`),   KEY `idx_key` (`key`) ) ENGINE=InnoDB DEFAULT CHARSET=utf8;
DROP TABLE IF EXISTS `sdc98_banner_clients`;
CREATE TABLE `sdc98_banner_clients` (   `id` int(11) NOT NULL AUTO_INCREMENT,   `name` varchar(255) NOT NULL DEFAULT '',   `contact` varchar(255) NOT NULL DEFAULT '',   `email` varchar(255) NOT NULL DEFAULT '',   `extrainfo` text NOT NULL,   `state` tinyint(3) NOT NULL DEFAULT '0',   `checked_out` int(10) unsigned NOT NULL DEFAULT '0',   `checked_out_time` datetime NOT NULL DEFAULT '0000-00-00 00:00:00',   `metakey` text NOT NULL,   `own_prefix` tinyint(4) NOT NULL DEFAULT '0',   `metakey_prefix` varchar(255) NOT NULL DEFAULT '',   `purchase_type` tinyint(4) NOT NULL DEFAULT '-1',   `track_clicks` tinyint(4) NOT NULL DEFAULT '-1',   `track_impressions` tinyint(4) NOT NULL DEFAULT '-1',   PRIMARY KEY (`id`),   KEY `idx_own_prefix` (`own_prefix`),   KEY `idx_metakey_prefix` (`metakey_prefix`) ) ENGINE=InnoDB DEFAULT CHARSET=utf8;
DROP TABLE IF EXISTS `sdc98_banner_tracks`;
CREATE TABLE `sdc98_banner_tracks` (   `track_date` datetime NOT NULL,   `track_type` int(10) unsigned NOT NULL,   `banner_id` int(10) unsigned NOT NULL,   `count` int(10) unsigned NOT NULL DEFAULT '0',   PRIMARY KEY (`track_date`,`track_type`,`banner_id`),   KEY `idx_track_date` (`track_date`),   KEY `idx_track_type` (`track_type`),   KEY `idx_banner_id` (`banner_id`) ) ENGINE=InnoDB DEFAULT CHARSET=utf8;
DROP TABLE IF EXISTS `sdc98_banners`;
CREATE TABLE `sdc98_banners` (   `id` int(11) NOT NULL AUTO_INCREMENT,   `cid` int(11) NOT NULL DEFAULT '0',   `type` int(11) NOT NULL DEFAULT '0',   `name` varchar(255) NOT NULL DEFAULT '',   `alias` varchar(255) CHARACTER SET utf8 COLLATE utf8_bin NOT NULL DEFAULT '',   `imptotal` int(11) NOT NULL DEFAULT '0',   `impmade` int(11) NOT NULL DEFAULT '0',   `clicks` int(11) NOT NULL DEFAULT '0',   `clickurl` varchar(200) NOT NULL DEFAULT '',   `state` tinyint(3) NOT NULL DEFAULT '0',   `catid` int(10) unsigned NOT NULL DEFAULT '0',   `description` text NOT NULL,   `custombannercode` varchar(2048) NOT NULL,   `sticky` tinyint(1) unsigned NOT NULL DEFAULT '0',   `ordering` int(11) NOT NULL DEFAULT '0',   `metakey` text NOT NULL,   `params` text NOT NULL,   `own_prefix` tinyint(1) NOT NULL DEFAULT '0',   `metakey_prefix` varchar(255) NOT NULL DEFAULT '',   `purchase_type` tinyint(4) NOT NULL DEFAULT '-1',   `track_clicks` tinyint(4) NOT NULL DEFAULT '-1',   `track_impressions` tinyint(4) NOT NULL DEFAULT '-1',   `checked_out` int(10) unsigned NOT NULL DEFAULT '0',   `checked_out_time` datetime NOT NULL DEFAULT '0000-00-00 00:00:00',   `publish_up` datetime NOT NULL DEFAULT '0000-00-00 00:00:00',   `publish_down` datetime NOT NULL DEFAULT '0000-00-00 00:00:00',   `reset` datetime NOT NULL DEFAULT '0000-00-00 00:00:00',   `created` datetime NOT NULL DEFAULT '0000-00-00 00:00:00',   `language` char(7) NOT NULL DEFAULT '',   PRIMARY KEY (`id`),   KEY `idx_state` (`state`),   KEY `idx_own_prefix` (`own_prefix`),   KEY `idx_metakey_prefix` (`metakey_prefix`),   KEY `idx_banner_catid` (`catid`),   KEY `idx_language` (`language`) ) ENGINE=InnoDB DEFAULT CHARSET=utf8;
DROP TABLE IF EXISTS `sdc98_categories`;
CREATE TABLE `sdc98_categories` (   `id` int(11) NOT NULL AUTO_INCREMENT,   `asset_id` int(10) unsigned NOT NULL DEFAULT '0' COMMENT 'FK to the #__assets table.',   `parent_id` int(10) unsigned NOT NULL DEFAULT '0',   `lft` int(11) NOT NULL DEFAULT '0',   `rgt` int(11) NOT NULL DEFAULT '0',   `level` int(10) unsigned NOT NULL DEFAULT '0',   `path` varchar(255) NOT NULL DEFAULT '',   `extension` varchar(50) NOT NULL DEFAULT '',   `title` varchar(255) NOT NULL,   `alias` varchar(255) CHARACTER SET utf8 COLLATE utf8_bin NOT NULL DEFAULT '',   `note` varchar(255) NOT NULL DEFAULT '',   `description` mediumtext NOT NULL,   `published` tinyint(1) NOT NULL DEFAULT '0',   `checked_out` int(11) unsigned NOT NULL DEFAULT '0',   `checked_out_time` datetime NOT NULL DEFAULT '0000-00-00 00:00:00',   `access` int(10) unsigned NOT NULL DEFAULT '0',   `params` text NOT NULL,   `metadesc` varchar(1024) NOT NULL COMMENT 'The meta description for the page.',   `metakey` varchar(1024) NOT NULL COMMENT 'The meta keywords for the page.',   `metadata` varchar(2048) NOT NULL COMMENT 'JSON encoded metadata properties.',   `created_user_id` int(10) unsigned NOT NULL DEFAULT '0',   `created_time` datetime NOT NULL DEFAULT '0000-00-00 00:00:00',   `modified_user_id` int(10) unsigned NOT NULL DEFAULT '0',   `modified_time` datetime NOT NULL DEFAULT '0000-00-00 00:00:00',   `hits` int(10) unsigned NOT NULL DEFAULT '0',   `language` char(7) NOT NULL,   PRIMARY KEY (`id`),   KEY `cat_idx` (`extension`,`published`,`access`),   KEY `idx_access` (`access`),   KEY `idx_checkout` (`checked_out`),   KEY `idx_path` (`path`),   KEY `idx_left_right` (`lft`,`rgt`),   KEY `idx_alias` (`alias`),   KEY `idx_language` (`language`) ) ENGINE=InnoDB AUTO_INCREMENT=8 DEFAULT CHARSET=utf8;
INSERT INTO `sdc98_categories`  VALUES ('1', '0', '0', '0', '13', '0', '', 'system', 'ROOT', 'root', '', '', '1', '0', '0000-00-00 00:00:00', '1', '{}', '', '', '', '0', '2009-10-18 16:07:09', '0', '0000-00-00 00:00:00', '0', '*'), ('2', '27', '1', '1', '2', '1', 'uncategorised', 'com_content', 'Без категории', 'uncategorised', '', '', '1', '0', '0000-00-00 00:00:00', '1', '{\"target\":\"\",\"image\":\"\"}', '', '', '{\"page_title\":\"\",\"author\":\"\",\"robots\":\"\"}', '42', '2010-06-28 13:26:37', '0', '0000-00-00 00:00:00', '0', '*'), ('3', '28', '1', '3', '4', '1', 'uncategorised', 'com_banners', 'Без категории', 'uncategorised', '', '', '1', '0', '0000-00-00 00:00:00', '1', '{\"target\":\"\",\"image\":\"\",\"foobar\":\"\"}', '', '', '{\"page_title\":\"\",\"author\":\"\",\"robots\":\"\"}', '42', '2010-06-28 13:27:35', '0', '0000-00-00 00:00:00', '0', '*'), ('4', '29', '1', '5', '6', '1', 'uncategorised', 'com_contact', 'Без категории', 'uncategorised', '', '', '1', '0', '0000-00-00 00:00:00', '1', '{\"target\":\"\",\"image\":\"\"}', '', '', '{\"page_title\":\"\",\"author\":\"\",\"robots\":\"\"}', '42', '2010-06-28 13:27:57', '0', '0000-00-00 00:00:00', '0', '*'), ('5', '30', '1', '7', '8', '1', 'uncategorised', 'com_newsfeeds', 'Без категории', 'uncategorised', '', '', '1', '0', '0000-00-00 00:00:00', '1', '{\"target\":\"\",\"image\":\"\"}', '', '', '{\"page_title\":\"\",\"author\":\"\",\"robots\":\"\"}', '42', '2010-06-28 13:28:15', '0', '0000-00-00 00:00:00', '0', '*'), ('6', '31', '1', '9', '10', '1', 'uncategorised', 'com_weblinks', 'Без категории', 'uncategorised', '', '', '1', '0', '0000-00-00 00:00:00', '1', '{\"target\":\"\",\"image\":\"\"}', '', '', '{\"page_title\":\"\",\"author\":\"\",\"robots\":\"\"}', '42', '2010-06-28 13:28:33', '0', '0000-00-00 00:00:00', '0', '*'), ('7', '32', '1', '11', '12', '1', 'uncategorised', 'com_users', 'Без категории', 'uncategorised', '', '', '1', '0', '0000-00-00 00:00:00', '1', '{\"target\":\"\",\"image\":\"\"}', '', '', '{\"page_title\":\"\",\"author\":\"\",\"robots\":\"\"}', '42', '2010-06-28 13:28:33', '0', '0000-00-00 00:00:00', '0', '*');
DROP TABLE IF EXISTS `sdc98_contact_details`;
CREATE TABLE `sdc98_contact_details` (   `id` int(11) NOT NULL AUTO_INCREMENT,   `name` varchar(255) NOT NULL DEFAULT '',   `alias` varchar(255) CHARACTER SET utf8 COLLATE utf8_bin NOT NULL DEFAULT '',   `con_position` varchar(255) DEFAULT NULL,   `address` text,   `suburb` varchar(100) DEFAULT NULL,   `state` varchar(100) DEFAULT NULL,   `country` varchar(100) DEFAULT NULL,   `postcode` varchar(100) DEFAULT NULL,   `telephone` varchar(255) DEFAULT NULL,   `fax` varchar(255) DEFAULT NULL,   `misc` mediumtext,   `image` varchar(255) DEFAULT NULL,   `imagepos` varchar(20) DEFAULT NULL,   `email_to` varchar(255) DEFAULT NULL,   `default_con` tinyint(1) unsigned NOT NULL DEFAULT '0',   `published` tinyint(1) NOT NULL DEFAULT '0',   `checked_out` int(10) unsigned NOT NULL DEFAULT '0',   `checked_out_time` datetime NOT NULL DEFAULT '0000-00-00 00:00:00',   `ordering` int(11) NOT NULL DEFAULT '0',   `params` text NOT NULL,   `user_id` int(11) NOT NULL DEFAULT '0',   `catid` int(11) NOT NULL DEFAULT '0',   `access` int(10) unsigned NOT NULL DEFAULT '0',   `mobile` varchar(255) NOT NULL DEFAULT '',   `webpage` varchar(255) NOT NULL DEFAULT '',   `sortname1` varchar(255) NOT NULL,   `sortname2` varchar(255) NOT NULL,   `sortname3` varchar(255) NOT NULL,   `language` char(7) NOT NULL,   `created` datetime NOT NULL DEFAULT '0000-00-00 00:00:00',   `created_by` int(10) unsigned NOT NULL DEFAULT '0',   `created_by_alias` varchar(255) NOT NULL DEFAULT '',   `modified` datetime NOT NULL DEFAULT '0000-00-00 00:00:00',   `modified_by` int(10) unsigned NOT NULL DEFAULT '0',   `metakey` text NOT NULL,   `metadesc` text NOT NULL,   `metadata` text NOT NULL,   `featured` tinyint(3) unsigned NOT NULL DEFAULT '0' COMMENT 'Set if article is featured.',   `xreference` varchar(50) NOT NULL COMMENT 'A reference to enable linkages to external data sets.',   `publish_up` datetime NOT NULL DEFAULT '0000-00-00 00:00:00',   `publish_down` datetime NOT NULL DEFAULT '0000-00-00 00:00:00',   PRIMARY KEY (`id`),   KEY `idx_access` (`access`),   KEY `idx_checkout` (`checked_out`),   KEY `idx_state` (`published`),   KEY `idx_catid` (`catid`),   KEY `idx_createdby` (`created_by`),   KEY `idx_featured_catid` (`featured`,`catid`),   KEY `idx_language` (`language`),   KEY `idx_xreference` (`xreference`) ) ENGINE=InnoDB DEFAULT CHARSET=utf8;
DROP TABLE IF EXISTS `sdc98_content`;
CREATE TABLE `sdc98_content` (   `id` int(10) unsigned NOT NULL AUTO_INCREMENT,   `asset_id` int(10) unsigned NOT NULL DEFAULT '0' COMMENT 'FK to the #__assets table.',   `title` varchar(255) NOT NULL DEFAULT '',   `alias` varchar(255) CHARACTER SET utf8 COLLATE utf8_bin NOT NULL DEFAULT '',   `title_alias` varchar(255) CHARACTER SET utf8 COLLATE utf8_bin NOT NULL DEFAULT '' COMMENT 'Deprecated in Joomla! 3.0',   `introtext` mediumtext NOT NULL,   `fulltext` mediumtext NOT NULL,   `state` tinyint(3) NOT NULL DEFAULT '0',   `sectionid` int(10) unsigned NOT NULL DEFAULT '0',   `mask` int(10) unsigned NOT NULL DEFAULT '0',   `catid` int(10) unsigned NOT NULL DEFAULT '0',   `created` datetime NOT NULL DEFAULT '0000-00-00 00:00:00',   `created_by` int(10) unsigned NOT NULL DEFAULT '0',   `created_by_alias` varchar(255) NOT NULL DEFAULT '',   `modified` datetime NOT NULL DEFAULT '0000-00-00 00:00:00',   `modified_by` int(10) unsigned NOT NULL DEFAULT '0',   `checked_out` int(10) unsigned NOT NULL DEFAULT '0',   `checked_out_time` datetime NOT NULL DEFAULT '0000-00-00 00:00:00',   `publish_up` datetime NOT NULL DEFAULT '0000-00-00 00:00:00',   `publish_down` datetime NOT NULL DEFAULT '0000-00-00 00:00:00',   `images` text NOT NULL,   `urls` text NOT NULL,   `attribs` varchar(5120) NOT NULL,   `version` int(10) unsigned NOT NULL DEFAULT '1',   `parentid` int(10) unsigned NOT NULL DEFAULT '0',   `ordering` int(11) NOT NULL DEFAULT '0',   `metakey` text NOT NULL,   `metadesc` text NOT NULL,   `access` int(10) unsigned NOT NULL DEFAULT '0',   `hits` int(10) unsigned NOT NULL DEFAULT '0',   `metadata` text NOT NULL,   `featured` tinyint(3) unsigned NOT NULL DEFAULT '0' COMMENT 'Set if article is featured.',   `language` char(7) NOT NULL COMMENT 'The language code for the article.',   `xreference` varchar(50) NOT NULL COMMENT 'A reference to enable linkages to external data sets.',   PRIMARY KEY (`id`),   KEY `idx_access` (`access`),   KEY `idx_checkout` (`checked_out`),   KEY `idx_state` (`state`),   KEY `idx_catid` (`catid`),   KEY `idx_createdby` (`created_by`),   KEY `idx_featured_catid` (`featured`,`catid`),   KEY `idx_language` (`language`),   KEY `idx_xreference` (`xreference`) ) ENGINE=InnoDB AUTO_INCREMENT=3 DEFAULT CHARSET=utf8;
INSERT INTO `sdc98_content`  VALUES ('1', '36', 'О нас', 'o-nas', '', '<p>Vivamus et venenatis mauris, posuere placerat ipsum. Proin lacinia orci est, vitae elementum tellus viverra ut Vivamus et venenatis mauris, posuere placerat ipsum. Proin lacinia orci est, vitae elementum tellus viverra utVivamus et venenatis mauris, posuere placerat ipsum. Proin lacinia orci est, vitae elementum tellus viverra utVivamus et venenatis mauris, posuere placerat ipsum. Proin lacinia orci est, vitae elementum tellus viverra utVivamus et venenatis mauris, posuere placerat ipsum. Proin lacinia orci est, vitae elementum tellus viverra utVivamus et venenatis mauris, posuere placerat ipsum. Proin lacinia orci est, vitae elementum tellus viverra utVivamus et venenatis mauris, posuere placerat ipsum. Proin lacinia orci est, vitae elementum tellus viverra ut</p>', '', '1', '0', '0', '2', '2014-07-18 14:13:26', '643', '', '0000-00-00 00:00:00', '0', '0', '0000-00-00 00:00:00', '2014-07-18 14:13:26', '0000-00-00 00:00:00', '{\"image_intro\":\"\",\"float_intro\":\"\",\"image_intro_alt\":\"\",\"image_intro_caption\":\"\",\"image_fulltext\":\"\",\"float_fulltext\":\"\",\"image_fulltext_alt\":\"\",\"image_fulltext_caption\":\"\"}', '{\"urla\":false,\"urlatext\":\"\",\"targeta\":\"\",\"urlb\":false,\"urlbtext\":\"\",\"targetb\":\"\",\"urlc\":false,\"urlctext\":\"\",\"targetc\":\"\"}', '{\"show_title\":\"\",\"link_titles\":\"\",\"show_intro\":\"\",\"show_category\":\"\",\"link_category\":\"\",\"show_parent_category\":\"\",\"link_parent_category\":\"\",\"show_author\":\"\",\"link_author\":\"\",\"show_create_date\":\"\",\"show_modify_date\":\"\",\"show_publish_date\":\"\",\"show_item_navigation\":\"\",\"show_icons\":\"\",\"show_print_icon\":\"\",\"show_email_icon\":\"\",\"show_vote\":\"\",\"show_hits\":\"\",\"show_noauth\":\"\",\"urls_position\":\"\",\"alternative_readmore\":\"\",\"article_layout\":\"\",\"show_publishing_options\":\"\",\"show_article_options\":\"\",\"show_urls_images_backend\":\"\",\"show_urls_images_frontend\":\"\"}', '1', '0', '1', '', '', '1', '0', '{\"robots\":\"\",\"author\":\"\",\"rights\":\"\",\"xreference\":\"\"}', '0', '*', ''), ('2', '37', 'Контакты', 'kontakty', '', '<p>Vivamus et venenatis mauris, posuere placerat ipsum. Proin lacinia orci est, vitae elementum tellus viverra utVivamus et venenatis mauris, posuere placerat ipsum. Proin lacinia orci est, vitae elementum tellus viverra ut</p>', '', '1', '0', '0', '2', '2014-07-18 14:13:38', '643', '', '0000-00-00 00:00:00', '0', '0', '0000-00-00 00:00:00', '2014-07-18 14:13:38', '0000-00-00 00:00:00', '{\"image_intro\":\"\",\"float_intro\":\"\",\"image_intro_alt\":\"\",\"image_intro_caption\":\"\",\"image_fulltext\":\"\",\"float_fulltext\":\"\",\"image_fulltext_alt\":\"\",\"image_fulltext_caption\":\"\"}', '{\"urla\":false,\"urlatext\":\"\",\"targeta\":\"\",\"urlb\":false,\"urlbtext\":\"\",\"targetb\":\"\",\"urlc\":false,\"urlctext\":\"\",\"targetc\":\"\"}', '{\"show_title\":\"\",\"link_titles\":\"\",\"show_intro\":\"\",\"show_category\":\"\",\"link_category\":\"\",\"show_parent_category\":\"\",\"link_parent_category\":\"\",\"show_author\":\"\",\"link_author\":\"\",\"show_create_date\":\"\",\"show_modify_date\":\"\",\"show_publish_date\":\"\",\"show_item_navigation\":\"\",\"show_icons\":\"\",\"show_print_icon\":\"\",\"show_email_icon\":\"\",\"show_vote\":\"\",\"show_hits\":\"\",\"show_noauth\":\"\",\"urls_position\":\"\",\"alternative_readmore\":\"\",\"article_layout\":\"\",\"show_publishing_options\":\"\",\"show_article_options\":\"\",\"show_urls_images_backend\":\"\",\"show_urls_images_frontend\":\"\"}', '1', '0', '0', '', '', '1', '0', '{\"robots\":\"\",\"author\":\"\",\"rights\":\"\",\"xreference\":\"\"}', '0', '*', '');
DROP TABLE IF EXISTS `sdc98_content_frontpage`;
CREATE TABLE `sdc98_content_frontpage` (   `content_id` int(11) NOT NULL DEFAULT '0',   `ordering` int(11) NOT NULL DEFAULT '0',   PRIMARY KEY (`content_id`) ) ENGINE=InnoDB DEFAULT CHARSET=utf8;
DROP TABLE IF EXISTS `sdc98_content_rating`;
CREATE TABLE `sdc98_content_rating` (   `content_id` int(11) NOT NULL DEFAULT '0',   `rating_sum` int(10) unsigned NOT NULL DEFAULT '0',   `rating_count` int(10) unsigned NOT NULL DEFAULT '0',   `lastip` varchar(50) NOT NULL DEFAULT '',   PRIMARY KEY (`content_id`) ) ENGINE=InnoDB DEFAULT CHARSET=utf8;
DROP TABLE IF EXISTS `sdc98_core_log_searches`;
CREATE TABLE `sdc98_core_log_searches` (   `search_term` varchar(128) NOT NULL DEFAULT '',   `hits` int(10) unsigned NOT NULL DEFAULT '0' ) ENGINE=InnoDB DEFAULT CHARSET=utf8;
DROP TABLE IF EXISTS `sdc98_extensions`;
CREATE TABLE `sdc98_extensions` (   `extension_id` int(11) NOT NULL AUTO_INCREMENT,   `name` varchar(100) NOT NULL,   `type` varchar(20) NOT NULL,   `element` varchar(100) NOT NULL,   `folder` varchar(100) NOT NULL,   `client_id` tinyint(3) NOT NULL,   `enabled` tinyint(3) NOT NULL DEFAULT '1',   `access` int(10) unsigned NOT NULL DEFAULT '1',   `protected` tinyint(3) NOT NULL DEFAULT '0',   `manifest_cache` text NOT NULL,   `params` text NOT NULL,   `custom_data` text NOT NULL,   `system_data` text NOT NULL,   `checked_out` int(10) unsigned NOT NULL DEFAULT '0',   `checked_out_time` datetime NOT NULL DEFAULT '0000-00-00 00:00:00',   `ordering` int(11) DEFAULT '0',   `state` int(11) DEFAULT '0',   PRIMARY KEY (`extension_id`),   KEY `element_clientid` (`element`,`client_id`),   KEY `element_folder_clientid` (`element`,`folder`,`client_id`),   KEY `extension` (`type`,`element`,`folder`,`client_id`) ) ENGINE=InnoDB AUTO_INCREMENT=10018 DEFAULT CHARSET=utf8;
INSERT INTO `sdc98_extensions`  VALUES ('1', 'com_mailto', 'component', 'com_mailto', '', '0', '1', '1', '1', '{\"legacy\":false,\"name\":\"com_mailto\",\"type\":\"component\",\"creationDate\":\"April 2006\",\"author\":\"Joomla! Project\",\"copyright\":\"(C) 2005 - 2014 Open Source Matters. All rights reserved.\\t\",\"authorEmail\":\"admin@joomla.org\",\"authorUrl\":\"www.joomla.org\",\"version\":\"2.5.0\",\"description\":\"COM_MAILTO_XML_DESCRIPTION\",\"group\":\"\"}', '', '', '', '0', '0000-00-00 00:00:00', '0', '0'), ('2', 'com_wrapper', 'component', 'com_wrapper', '', '0', '1', '1', '1', '{\"legacy\":false,\"name\":\"com_wrapper\",\"type\":\"component\",\"creationDate\":\"April 2006\",\"author\":\"Joomla! Project\",\"copyright\":\"(C) 2005 - 2014 Open Source Matters. All rights reserved.\\n\\t\",\"authorEmail\":\"admin@joomla.org\",\"authorUrl\":\"www.joomla.org\",\"version\":\"2.5.0\",\"description\":\"COM_WRAPPER_XML_DESCRIPTION\",\"group\":\"\"}', '', '', '', '0', '0000-00-00 00:00:00', '0', '0'), ('3', 'com_admin', 'component', 'com_admin', '', '1', '1', '1', '1', '{\"legacy\":false,\"name\":\"com_admin\",\"type\":\"component\",\"creationDate\":\"April 2006\",\"author\":\"Joomla! Project\",\"copyright\":\"(C) 2005 - 2014 Open Source Matters. All rights reserved.\\n\\t\",\"authorEmail\":\"admin@joomla.org\",\"authorUrl\":\"www.joomla.org\",\"version\":\"2.5.0\",\"description\":\"COM_ADMIN_XML_DESCRIPTION\",\"group\":\"\"}', '', '', '', '0', '0000-00-00 00:00:00', '0', '0'), ('4', 'com_banners', 'component', 'com_banners', '', '1', '1', '1', '0', '{\"legacy\":false,\"name\":\"com_banners\",\"type\":\"component\",\"creationDate\":\"April 2006\",\"author\":\"Joomla! Project\",\"copyright\":\"(C) 2005 - 2014 Open Source Matters. All rights reserved.\\n\\t\",\"authorEmail\":\"admin@joomla.org\",\"authorUrl\":\"www.joomla.org\",\"version\":\"2.5.0\",\"description\":\"COM_BANNERS_XML_DESCRIPTION\",\"group\":\"\"}', '{\"purchase_type\":\"3\",\"track_impressions\":\"0\",\"track_clicks\":\"0\",\"metakey_prefix\":\"\"}', '', '', '0', '0000-00-00 00:00:00', '0', '0'), ('5', 'com_cache', 'component', 'com_cache', '', '1', '1', '1', '1', '{\"legacy\":false,\"name\":\"com_cache\",\"type\":\"component\",\"creationDate\":\"April 2006\",\"author\":\"Joomla! Project\",\"copyright\":\"(C) 2005 - 2014 Open Source Matters. All rights reserved.\\t\",\"authorEmail\":\"admin@joomla.org\",\"authorUrl\":\"www.joomla.org\",\"version\":\"2.5.0\",\"description\":\"COM_CACHE_XML_DESCRIPTION\",\"group\":\"\"}', '', '', '', '0', '0000-00-00 00:00:00', '0', '0'), ('6', 'com_categories', 'component', 'com_categories', '', '1', '1', '1', '1', '{\"legacy\":false,\"name\":\"com_categories\",\"type\":\"component\",\"creationDate\":\"December 2007\",\"author\":\"Joomla! Project\",\"copyright\":\"(C) 2005 - 2014 Open Source Matters. All rights reserved.\",\"authorEmail\":\"admin@joomla.org\",\"authorUrl\":\"www.joomla.org\",\"version\":\"2.5.0\",\"description\":\"COM_CATEGORIES_XML_DESCRIPTION\",\"group\":\"\"}', '', '', '', '0', '0000-00-00 00:00:00', '0', '0'), ('7', 'com_checkin', 'component', 'com_checkin', '', '1', '1', '1', '1', '{\"legacy\":false,\"name\":\"com_checkin\",\"type\":\"component\",\"creationDate\":\"Unknown\",\"author\":\"Joomla! Project\",\"copyright\":\"(C) 2005 - 2008 Open Source Matters. All rights reserved.\\n\\t\",\"authorEmail\":\"admin@joomla.org\",\"authorUrl\":\"www.joomla.org\",\"version\":\"2.5.0\",\"description\":\"COM_CHECKIN_XML_DESCRIPTION\",\"group\":\"\"}', '', '', '', '0', '0000-00-00 00:00:00', '0', '0'), ('8', 'com_contact', 'component', 'com_contact', '', '1', '1', '1', '0', '{\"legacy\":false,\"name\":\"com_contact\",\"type\":\"component\",\"creationDate\":\"April 2006\",\"author\":\"Joomla! Project\",\"copyright\":\"(C) 2005 - 2014 Open Source Matters. All rights reserved.\\n\\t\",\"authorEmail\":\"admin@joomla.org\",\"authorUrl\":\"www.joomla.org\",\"version\":\"2.5.0\",\"description\":\"COM_CONTACT_XML_DESCRIPTION\",\"group\":\"\"}', '{\"show_contact_category\":\"hide\",\"show_contact_list\":\"0\",\"presentation_style\":\"sliders\",\"show_name\":\"1\",\"show_position\":\"1\",\"show_email\":\"0\",\"show_street_address\":\"1\",\"show_suburb\":\"1\",\"show_state\":\"1\",\"show_postcode\":\"1\",\"show_country\":\"1\",\"show_telephone\":\"1\",\"show_mobile\":\"1\",\"show_fax\":\"1\",\"show_webpage\":\"1\",\"show_misc\":\"1\",\"show_image\":\"1\",\"image\":\"\",\"allow_vcard\":\"0\",\"show_articles\":\"0\",\"show_profile\":\"0\",\"show_links\":\"0\",\"linka_name\":\"\",\"linkb_name\":\"\",\"linkc_name\":\"\",\"linkd_name\":\"\",\"linke_name\":\"\",\"contact_icons\":\"0\",\"icon_address\":\"\",\"icon_email\":\"\",\"icon_telephone\":\"\",\"icon_mobile\":\"\",\"icon_fax\":\"\",\"icon_misc\":\"\",\"show_headings\":\"1\",\"show_position_headings\":\"1\",\"show_email_headings\":\"0\",\"show_telephone_headings\":\"1\",\"show_mobile_headings\":\"0\",\"show_fax_headings\":\"0\",\"allow_vcard_headings\":\"0\",\"show_suburb_headings\":\"1\",\"show_state_headings\":\"1\",\"show_country_headings\":\"1\",\"show_email_form\":\"1\",\"show_email_copy\":\"1\",\"banned_email\":\"\",\"banned_subject\":\"\",\"banned_text\":\"\",\"validate_session\":\"1\",\"custom_reply\":\"0\",\"redirect\":\"\",\"show_category_crumb\":\"0\",\"metakey\":\"\",\"metadesc\":\"\",\"robots\":\"\",\"author\":\"\",\"rights\":\"\",\"xreference\":\"\"}', '', '', '0', '0000-00-00 00:00:00', '0', '0'), ('9', 'com_cpanel', 'component', 'com_cpanel', '', '1', '1', '1', '1', '{\"legacy\":false,\"name\":\"com_cpanel\",\"type\":\"component\",\"creationDate\":\"April 2006\",\"author\":\"Joomla! Project\",\"copyright\":\"(C) 2005 - 2014 Open Source Matters. All rights reserved.\",\"authorEmail\":\"admin@joomla.org\",\"authorUrl\":\"www.joomla.org\",\"version\":\"2.5.0\",\"description\":\"COM_CPANEL_XML_DESCRIPTION\",\"group\":\"\"}', '', '', '', '0', '0000-00-00 00:00:00', '0', '0'), ('10', 'com_installer', 'component', 'com_installer', '', '1', '1', '1', '1', '{\"legacy\":false,\"name\":\"com_installer\",\"type\":\"component\",\"creationDate\":\"April 2006\",\"author\":\"Joomla! Project\",\"copyright\":\"(C) 2005 - 2014 Open Source Matters. All rights reserved.\\t\",\"authorEmail\":\"admin@joomla.org\",\"authorUrl\":\"www.joomla.org\",\"version\":\"2.5.0\",\"description\":\"COM_INSTALLER_XML_DESCRIPTION\",\"group\":\"\"}', '{}', '', '', '0', '0000-00-00 00:00:00', '0', '0'), ('11', 'com_languages', 'component', 'com_languages', '', '1', '1', '1', '1', '{\"legacy\":false,\"name\":\"com_languages\",\"type\":\"component\",\"creationDate\":\"2006\",\"author\":\"Joomla! Project\",\"copyright\":\"(C) 2005 - 2014 Open Source Matters. All rights reserved.\\n\\t\",\"authorEmail\":\"admin@joomla.org\",\"authorUrl\":\"www.joomla.org\",\"version\":\"2.5.0\",\"description\":\"COM_LANGUAGES_XML_DESCRIPTION\",\"group\":\"\"}', '{\"administrator\":\"ru-RU\",\"site\":\"ru-RU\"}', '', '', '0', '0000-00-00 00:00:00', '0', '0'), ('12', 'com_login', 'component', 'com_login', '', '1', '1', '1', '1', '{\"legacy\":false,\"name\":\"com_login\",\"type\":\"component\",\"creationDate\":\"April 2006\",\"author\":\"Joomla! Project\",\"copyright\":\"(C) 2005 - 2014 Open Source Matters. All rights reserved.\\t\",\"authorEmail\":\"admin@joomla.org\",\"authorUrl\":\"www.joomla.org\",\"version\":\"2.5.0\",\"description\":\"COM_LOGIN_XML_DESCRIPTION\",\"group\":\"\"}', '', '', '', '0', '0000-00-00 00:00:00', '0', '0'), ('13', 'com_media', 'component', 'com_media', '', '1', '1', '0', '1', '{\"legacy\":false,\"name\":\"com_media\",\"type\":\"component\",\"creationDate\":\"April 2006\",\"author\":\"Joomla! Project\",\"copyright\":\"(C) 2005 - 2014 Open Source Matters. All rights reserved.\\t\",\"authorEmail\":\"admin@joomla.org\",\"authorUrl\":\"www.joomla.org\",\"version\":\"2.5.0\",\"description\":\"COM_MEDIA_XML_DESCRIPTION\",\"group\":\"\"}', '{\"upload_extensions\":\"bmp,csv,doc,gif,ico,jpg,jpeg,odg,odp,ods,odt,pdf,png,ppt,swf,txt,xcf,xls,BMP,CSV,DOC,GIF,ICO,JPG,JPEG,ODG,ODP,ODS,ODT,PDF,PNG,PPT,SWF,TXT,XCF,XLS\",\"upload_maxsize\":\"10\",\"file_path\":\"images\",\"image_path\":\"images\",\"restrict_uploads\":\"1\",\"allowed_media_usergroup\":\"3\",\"check_mime\":\"1\",\"image_extensions\":\"bmp,gif,jpg,png\",\"ignore_extensions\":\"\",\"upload_mime\":\"image\\/jpeg,image\\/gif,image\\/png,image\\/bmp,application\\/x-shockwave-flash,application\\/msword,application\\/excel,application\\/pdf,application\\/powerpoint,text\\/plain,application\\/x-zip\",\"upload_mime_illegal\":\"text\\/html\"}', '', '', '0', '0000-00-00 00:00:00', '0', '0'), ('14', 'com_menus', 'component', 'com_menus', '', '1', '1', '1', '1', '{\"legacy\":false,\"name\":\"com_menus\",\"type\":\"component\",\"creationDate\":\"April 2006\",\"author\":\"Joomla! Project\",\"copyright\":\"(C) 2005 - 2014 Open Source Matters. All rights reserved.\\t\",\"authorEmail\":\"admin@joomla.org\",\"authorUrl\":\"www.joomla.org\",\"version\":\"2.5.0\",\"description\":\"COM_MENUS_XML_DESCRIPTION\",\"group\":\"\"}', '{}', '', '', '0', '0000-00-00 00:00:00', '0', '0'), ('15', 'com_messages', 'component', 'com_messages', '', '1', '1', '1', '1', '{\"legacy\":false,\"name\":\"com_messages\",\"type\":\"component\",\"creationDate\":\"April 2006\",\"author\":\"Joomla! Project\",\"copyright\":\"(C) 2005 - 2014 Open Source Matters. All rights reserved.\\t\",\"authorEmail\":\"admin@joomla.org\",\"authorUrl\":\"www.joomla.org\",\"version\":\"2.5.0\",\"description\":\"COM_MESSAGES_XML_DESCRIPTION\",\"group\":\"\"}', '', '', '', '0', '0000-00-00 00:00:00', '0', '0'), ('16', 'com_modules', 'component', 'com_modules', '', '1', '1', '1', '1', '{\"legacy\":false,\"name\":\"com_modules\",\"type\":\"component\",\"creationDate\":\"April 2006\",\"author\":\"Joomla! Project\",\"copyright\":\"(C) 2005 - 2014 Open Source Matters. All rights reserved.\\t\",\"authorEmail\":\"admin@joomla.org\",\"authorUrl\":\"www.joomla.org\",\"version\":\"2.5.0\",\"description\":\"COM_MODULES_XML_DESCRIPTION\",\"group\":\"\"}', '{}', '', '', '0', '0000-00-00 00:00:00', '0', '0'), ('17', 'com_newsfeeds', 'component', 'com_newsfeeds', '', '1', '1', '1', '0', '{\"legacy\":false,\"name\":\"com_newsfeeds\",\"type\":\"component\",\"creationDate\":\"April 2006\",\"author\":\"Joomla! Project\",\"copyright\":\"(C) 2005 - 2014 Open Source Matters. All rights reserved.\\t\",\"authorEmail\":\"admin@joomla.org\",\"authorUrl\":\"www.joomla.org\",\"version\":\"2.5.0\",\"description\":\"COM_NEWSFEEDS_XML_DESCRIPTION\",\"group\":\"\"}', '{\"show_feed_image\":\"1\",\"show_feed_description\":\"1\",\"show_item_description\":\"1\",\"feed_word_count\":\"0\",\"show_headings\":\"1\",\"show_name\":\"1\",\"show_articles\":\"0\",\"show_link\":\"1\",\"show_description\":\"1\",\"show_description_image\":\"1\",\"display_num\":\"\",\"show_pagination_limit\":\"1\",\"show_pagination\":\"1\",\"show_pagination_results\":\"1\",\"show_cat_items\":\"1\"}', '', '', '0', '0000-00-00 00:00:00', '0', '0'), ('18', 'com_plugins', 'component', 'com_plugins', '', '1', '1', '1', '1', '{\"legacy\":false,\"name\":\"com_plugins\",\"type\":\"component\",\"creationDate\":\"April 2006\",\"author\":\"Joomla! Project\",\"copyright\":\"(C) 2005 - 2014 Open Source Matters. All rights reserved.\\t\",\"authorEmail\":\"admin@joomla.org\",\"authorUrl\":\"www.joomla.org\",\"version\":\"2.5.0\",\"description\":\"COM_PLUGINS_XML_DESCRIPTION\",\"group\":\"\"}', '{}', '', '', '0', '0000-00-00 00:00:00', '0', '0'), ('19', 'com_search', 'component', 'com_search', '', '1', '1', '1', '1', '{\"legacy\":false,\"name\":\"com_search\",\"type\":\"component\",\"creationDate\":\"April 2006\",\"author\":\"Joomla! Project\",\"copyright\":\"(C) 2005 - 2014 Open Source Matters. All rights reserved.\\n\\t\",\"authorEmail\":\"admin@joomla.org\",\"authorUrl\":\"www.joomla.org\",\"version\":\"2.5.0\",\"description\":\"COM_SEARCH_XML_DESCRIPTION\",\"group\":\"\"}', '{\"enabled\":\"0\",\"show_date\":\"1\"}', '', '', '0', '0000-00-00 00:00:00', '0', '0'), ('20', 'com_templates', 'component', 'com_templates', '', '1', '1', '1', '1', '{\"legacy\":false,\"name\":\"com_templates\",\"type\":\"component\",\"creationDate\":\"April 2006\",\"author\":\"Joomla! Project\",\"copyright\":\"(C) 2005 - 2014 Open Source Matters. All rights reserved.\\t\",\"authorEmail\":\"admin@joomla.org\",\"authorUrl\":\"www.joomla.org\",\"version\":\"2.5.0\",\"description\":\"COM_TEMPLATES_XML_DESCRIPTION\",\"group\":\"\"}', '{}', '', '', '0', '0000-00-00 00:00:00', '0', '0'), ('21', 'com_weblinks', 'component', 'com_weblinks', '', '1', '1', '1', '0', '{\"legacy\":false,\"name\":\"com_weblinks\",\"type\":\"component\",\"creationDate\":\"April 2006\",\"author\":\"Joomla! Project\",\"copyright\":\"(C) 2005 - 2014 Open Source Matters. All rights reserved.\\n\\t\",\"authorEmail\":\"admin@joomla.org\",\"authorUrl\":\"www.joomla.org\",\"version\":\"2.5.0\",\"description\":\"COM_WEBLINKS_XML_DESCRIPTION\",\"group\":\"\"}', '{\"show_comp_description\":\"1\",\"comp_description\":\"\",\"show_link_hits\":\"1\",\"show_link_description\":\"1\",\"show_other_cats\":\"0\",\"show_headings\":\"0\",\"show_numbers\":\"0\",\"show_report\":\"1\",\"count_clicks\":\"1\",\"target\":\"0\",\"link_icons\":\"\"}', '', '', '0', '0000-00-00 00:00:00', '0', '0'), ('22', 'com_content', 'component', 'com_content', '', '1', '1', '0', '1', '{\"legacy\":false,\"name\":\"com_content\",\"type\":\"component\",\"creationDate\":\"April 2006\",\"author\":\"Joomla! Project\",\"copyright\":\"(C) 2005 - 2014 Open Source Matters. All rights reserved.\\t\",\"authorEmail\":\"admin@joomla.org\",\"authorUrl\":\"www.joomla.org\",\"version\":\"2.5.0\",\"description\":\"COM_CONTENT_XML_DESCRIPTION\",\"group\":\"\"}', '{\"article_layout\":\"_:default\",\"show_title\":\"1\",\"link_titles\":\"1\",\"show_intro\":\"1\",\"show_category\":\"1\",\"link_category\":\"1\",\"show_parent_category\":\"0\",\"link_parent_category\":\"0\",\"show_author\":\"1\",\"link_author\":\"0\",\"show_create_date\":\"0\",\"show_modify_date\":\"0\",\"show_publish_date\":\"1\",\"show_item_navigation\":\"1\",\"show_vote\":\"0\",\"show_readmore\":\"1\",\"show_readmore_title\":\"1\",\"readmore_limit\":\"100\",\"show_icons\":\"1\",\"show_print_icon\":\"1\",\"show_email_icon\":\"1\",\"show_hits\":\"1\",\"show_noauth\":\"0\",\"show_publishing_options\":\"1\",\"show_article_options\":\"1\",\"show_urls_images_frontend\":\"0\",\"show_urls_images_backend\":\"1\",\"targeta\":0,\"targetb\":0,\"targetc\":0,\"float_intro\":\"left\",\"float_fulltext\":\"left\",\"category_layout\":\"_:blog\",\"show_category_title\":\"0\",\"show_description\":\"0\",\"show_description_image\":\"0\",\"maxLevel\":\"1\",\"show_empty_categories\":\"0\",\"show_no_articles\":\"1\",\"show_subcat_desc\":\"1\",\"show_cat_num_articles\":\"0\",\"show_base_description\":\"1\",\"maxLevelcat\":\"-1\",\"show_empty_categories_cat\":\"0\",\"show_subcat_desc_cat\":\"1\",\"show_cat_num_articles_cat\":\"1\",\"num_leading_articles\":\"1\",\"num_intro_articles\":\"4\",\"num_columns\":\"2\",\"num_links\":\"4\",\"multi_column_order\":\"0\",\"show_subcategory_content\":\"0\",\"show_pagination_limit\":\"1\",\"filter_field\":\"hide\",\"show_headings\":\"1\",\"list_show_date\":\"0\",\"date_format\":\"\",\"list_show_hits\":\"1\",\"list_show_author\":\"1\",\"orderby_pri\":\"order\",\"orderby_sec\":\"rdate\",\"order_date\":\"published\",\"show_pagination\":\"2\",\"show_pagination_results\":\"1\",\"show_feed_link\":\"1\",\"feed_summary\":\"0\"}', '', '', '0', '0000-00-00 00:00:00', '0', '0'), ('23', 'com_config', 'component', 'com_config', '', '1', '1', '0', '1', '{\"legacy\":false,\"name\":\"com_config\",\"type\":\"component\",\"creationDate\":\"April 2006\",\"author\":\"Joomla! Project\",\"copyright\":\"(C) 2005 - 2014 Open Source Matters. All rights reserved.\\t\",\"authorEmail\":\"admin@joomla.org\",\"authorUrl\":\"www.joomla.org\",\"version\":\"2.5.0\",\"description\":\"COM_CONFIG_XML_DESCRIPTION\",\"group\":\"\"}', '{\"filters\":{\"1\":{\"filter_type\":\"NH\",\"filter_tags\":\"\",\"filter_attributes\":\"\"},\"6\":{\"filter_type\":\"BL\",\"filter_tags\":\"\",\"filter_attributes\":\"\"},\"7\":{\"filter_type\":\"NONE\",\"filter_tags\":\"\",\"filter_attributes\":\"\"},\"2\":{\"filter_type\":\"NH\",\"filter_tags\":\"\",\"filter_attributes\":\"\"},\"3\":{\"filter_type\":\"BL\",\"filter_tags\":\"\",\"filter_attributes\":\"\"},\"4\":{\"filter_type\":\"BL\",\"filter_tags\":\"\",\"filter_attributes\":\"\"},\"5\":{\"filter_type\":\"BL\",\"filter_tags\":\"\",\"filter_attributes\":\"\"},\"8\":{\"filter_type\":\"NONE\",\"filter_tags\":\"\",\"filter_attributes\":\"\"}}}', '', '', '0', '0000-00-00 00:00:00', '0', '0'), ('24', 'com_redirect', 'component', 'com_redirect', '', '1', '1', '0', '1', '{\"legacy\":false,\"name\":\"com_redirect\",\"type\":\"component\",\"creationDate\":\"April 2006\",\"author\":\"Joomla! Project\",\"copyright\":\"(C) 2005 - 2014 Open Source Matters. All rights reserved.\\t\",\"authorEmail\":\"admin@joomla.org\",\"authorUrl\":\"www.joomla.org\",\"version\":\"2.5.0\",\"description\":\"COM_REDIRECT_XML_DESCRIPTION\",\"group\":\"\"}', '{}', '', '', '0', '0000-00-00 00:00:00', '0', '0'), ('25', 'com_users', 'component', 'com_users', '', '1', '1', '0', '1', '{\"legacy\":false,\"name\":\"com_users\",\"type\":\"component\",\"creationDate\":\"April 2006\",\"author\":\"Joomla! Project\",\"copyright\":\"(C) 2005 - 2014 Open Source Matters. All rights reserved.\\t\",\"authorEmail\":\"admin@joomla.org\",\"authorUrl\":\"www.joomla.org\",\"version\":\"2.5.0\",\"description\":\"COM_USERS_XML_DESCRIPTION\",\"group\":\"\"}', '{\"allowUserRegistration\":\"1\",\"new_usertype\":\"2\",\"guest_usergroup\":\"1\",\"sendpassword\":\"1\",\"useractivation\":\"2\",\"mail_to_admin\":\"1\",\"captcha\":\"\",\"frontend_userparams\":\"1\",\"site_language\":\"0\",\"change_login_name\":\"0\",\"reset_count\":\"10\",\"reset_time\":\"1\",\"mailSubjectPrefix\":\"\",\"mailBodySuffix\":\"\"}', '', '', '0', '0000-00-00 00:00:00', '0', '0'), ('27', 'com_finder', 'component', 'com_finder', '', '1', '1', '0', '0', '{\"legacy\":false,\"name\":\"com_finder\",\"type\":\"component\",\"creationDate\":\"August 2011\",\"author\":\"Joomla! Project\",\"copyright\":\"(C) 2005 - 2014 Open Source Matters. All rights reserved.\",\"authorEmail\":\"admin@joomla.org\",\"authorUrl\":\"www.joomla.org\",\"version\":\"2.5.0\",\"description\":\"COM_FINDER_XML_DESCRIPTION\",\"group\":\"\"}', '{\"show_description\":\"1\",\"description_length\":255,\"allow_empty_query\":\"0\",\"show_url\":\"1\",\"show_advanced\":\"1\",\"expand_advanced\":\"0\",\"show_date_filters\":\"0\",\"highlight_terms\":\"1\",\"opensearch_name\":\"\",\"opensearch_description\":\"\",\"batch_size\":\"50\",\"memory_table_limit\":30000,\"title_multiplier\":\"1.7\",\"text_multiplier\":\"0.7\",\"meta_multiplier\":\"1.2\",\"path_multiplier\":\"2.0\",\"misc_multiplier\":\"0.3\",\"stemmer\":\"snowball\"}', '', '', '0', '0000-00-00 00:00:00', '0', '0'), ('28', 'com_joomlaupdate', 'component', 'com_joomlaupdate', '', '1', '1', '0', '1', '{\"legacy\":false,\"name\":\"com_joomlaupdate\",\"type\":\"component\",\"creationDate\":\"February 2012\",\"author\":\"Joomla! Project\",\"copyright\":\"(C) 2005 - 2014 Open Source Matters. All rights reserved.\\t\",\"authorEmail\":\"admin@joomla.org\",\"authorUrl\":\"www.joomla.org\",\"version\":\"2.5.0\",\"description\":\"COM_JOOMLAUPDATE_XML_DESCRIPTION\",\"group\":\"\"}', '{}', '', '', '0', '0000-00-00 00:00:00', '0', '0'), ('100', 'PHPMailer', 'library', 'phpmailer', '', '0', '1', '1', '1', '{\"legacy\":false,\"name\":\"PHPMailer\",\"type\":\"library\",\"creationDate\":\"2001\",\"author\":\"PHPMailer\",\"copyright\":\"(c) 2001-2003, Brent R. Matzelle, (c) 2004-2009, Andy Prevost. All Rights Reserved., (c) 2010-2011, Jim Jagielski. All Rights Reserved.\",\"authorEmail\":\"jimjag@gmail.com\",\"authorUrl\":\"https:\\/\\/code.google.com\\/a\\/apache-extras.org\\/p\\/phpmailer\\/\",\"version\":\"5.2\",\"description\":\"LIB_PHPMAILER_XML_DESCRIPTION\",\"group\":\"\"}', '', '', '', '0', '0000-00-00 00:00:00', '0', '0'), ('101', 'SimplePie', 'library', 'simplepie', '', '0', '1', '1', '1', '{\"legacy\":false,\"name\":\"SimplePie\",\"type\":\"library\",\"creationDate\":\"2004\",\"author\":\"SimplePie\",\"copyright\":\"Copyright (c) 2004-2009, Ryan Parman and Geoffrey Sneddon\",\"authorEmail\":\"\",\"authorUrl\":\"http:\\/\\/simplepie.org\\/\",\"version\":\"1.2\",\"description\":\"LIB_SIMPLEPIE_XML_DESCRIPTION\",\"group\":\"\"}', '', '', '', '0', '0000-00-00 00:00:00', '0', '0'), ('102', 'phputf8', 'library', 'phputf8', '', '0', '1', '1', '1', '{\"legacy\":false,\"name\":\"phputf8\",\"type\":\"library\",\"creationDate\":\"2006\",\"author\":\"Harry Fuecks\",\"copyright\":\"Copyright various authors\",\"authorEmail\":\"hfuecks@gmail.com\",\"authorUrl\":\"http:\\/\\/sourceforge.net\\/projects\\/phputf8\",\"version\":\"0.5\",\"description\":\"LIB_PHPUTF8_XML_DESCRIPTION\",\"group\":\"\"}', '', '', '', '0', '0000-00-00 00:00:00', '0', '0'), ('103', 'Joomla! Platform', 'library', 'joomla', '', '0', '1', '1', '1', '{\"legacy\":false,\"name\":\"Joomla! Platform\",\"type\":\"library\",\"creationDate\":\"2008\",\"author\":\"Joomla! Project\",\"copyright\":\"Copyright (C) 2005 - 2014 Open Source Matters. All rights reserved.\",\"authorEmail\":\"admin@joomla.org\",\"authorUrl\":\"http:\\/\\/www.joomla.org\",\"version\":\"11.4\",\"description\":\"LIB_JOOMLA_XML_DESCRIPTION\",\"group\":\"\"}', '{}', '', '', '0', '0000-00-00 00:00:00', '0', '0'), ('200', 'mod_articles_archive', 'module', 'mod_articles_archive', '', '0', '1', '1', '1', '{\"legacy\":false,\"name\":\"mod_articles_archive\",\"type\":\"module\",\"creationDate\":\"July 2006\",\"author\":\"Joomla! Project\",\"copyright\":\"Copyright (C) 2005 - 2014 Open Source Matters.\\n\\t\\tAll rights reserved.\",\"authorEmail\":\"admin@joomla.org\",\"authorUrl\":\"www.joomla.org\",\"version\":\"2.5.0\",\"description\":\"MOD_ARTICLES_ARCHIVE_XML_DESCRIPTION\",\"group\":\"\"}', '', '', '', '0', '0000-00-00 00:00:00', '0', '0'), ('201', 'mod_articles_latest', 'module', 'mod_articles_latest', '', '0', '1', '1', '1', '{\"legacy\":false,\"name\":\"mod_articles_latest\",\"type\":\"module\",\"creationDate\":\"July 2004\",\"author\":\"Joomla! Project\",\"copyright\":\"Copyright (C) 2005 - 2014 Open Source Matters. All rights reserved.\",\"authorEmail\":\"admin@joomla.org\",\"authorUrl\":\"www.joomla.org\",\"version\":\"2.5.0\",\"description\":\"MOD_LATEST_NEWS_XML_DESCRIPTION\",\"group\":\"\"}', '', '', '', '0', '0000-00-00 00:00:00', '0', '0'), ('202', 'mod_articles_popular', 'module', 'mod_articles_popular', '', '0', '1', '1', '0', '{\"legacy\":false,\"name\":\"mod_articles_popular\",\"type\":\"module\",\"creationDate\":\"July 2006\",\"author\":\"Joomla! Project\",\"copyright\":\"Copyright (C) 2005 - 2014 Open Source Matters. All rights reserved.\",\"authorEmail\":\"admin@joomla.org\",\"authorUrl\":\"www.joomla.org\",\"version\":\"2.5.0\",\"description\":\"MOD_POPULAR_XML_DESCRIPTION\",\"group\":\"\"}', '', '', '', '0', '0000-00-00 00:00:00', '0', '0'), ('203', 'mod_banners', 'module', 'mod_banners', '', '0', '1', '1', '0', '{\"legacy\":false,\"name\":\"mod_banners\",\"type\":\"module\",\"creationDate\":\"July 2006\",\"author\":\"Joomla! Project\",\"copyright\":\"Copyright (C) 2005 - 2014 Open Source Matters. All rights reserved.\",\"authorEmail\":\"admin@joomla.org\",\"authorUrl\":\"www.joomla.org\",\"version\":\"2.5.0\",\"description\":\"MOD_BANNERS_XML_DESCRIPTION\",\"group\":\"\"}', '', '', '', '0', '0000-00-00 00:00:00', '0', '0'), ('204', 'mod_breadcrumbs', 'module', 'mod_breadcrumbs', '', '0', '1', '1', '1', '{\"legacy\":false,\"name\":\"mod_breadcrumbs\",\"type\":\"module\",\"creationDate\":\"July 2006\",\"author\":\"Joomla! Project\",\"copyright\":\"Copyright (C) 2005 - 2014 Open Source Matters. All rights reserved.\",\"authorEmail\":\"admin@joomla.org\",\"authorUrl\":\"www.joomla.org\",\"version\":\"2.5.0\",\"description\":\"MOD_BREADCRUMBS_XML_DESCRIPTION\",\"group\":\"\"}', '', '', '', '0', '0000-00-00 00:00:00', '0', '0'), ('205', 'mod_custom', 'module', 'mod_custom', '', '0', '1', '1', '1', '{\"legacy\":false,\"name\":\"mod_custom\",\"type\":\"module\",\"creationDate\":\"July 2004\",\"author\":\"Joomla! Project\",\"copyright\":\"Copyright (C) 2005 - 2014 Open Source Matters. All rights reserved.\",\"authorEmail\":\"admin@joomla.org\",\"authorUrl\":\"www.joomla.org\",\"version\":\"2.5.0\",\"description\":\"MOD_CUSTOM_XML_DESCRIPTION\",\"group\":\"\"}', '', '', '', '0', '0000-00-00 00:00:00', '0', '0'), ('206', 'mod_feed', 'module', 'mod_feed', '', '0', '1', '1', '1', '{\"legacy\":false,\"name\":\"mod_feed\",\"type\":\"module\",\"creationDate\":\"July 2005\",\"author\":\"Joomla! Project\",\"copyright\":\"Copyright (C) 2005 - 2014 Open Source Matters. All rights reserved.\",\"authorEmail\":\"admin@joomla.org\",\"authorUrl\":\"www.joomla.org\",\"version\":\"2.5.0\",\"description\":\"MOD_FEED_XML_DESCRIPTION\",\"group\":\"\"}', '', '', '', '0', '0000-00-00 00:00:00', '0', '0'), ('207', 'mod_footer', 'module', 'mod_footer', '', '0', '1', '1', '1', '{\"legacy\":false,\"name\":\"mod_footer\",\"type\":\"module\",\"creationDate\":\"July 2006\",\"author\":\"Joomla! Project\",\"copyright\":\"Copyright (C) 2005 - 2014 Open Source Matters. All rights reserved.\",\"authorEmail\":\"admin@joomla.org\",\"authorUrl\":\"www.joomla.org\",\"version\":\"2.5.0\",\"description\":\"MOD_FOOTER_XML_DESCRIPTION\",\"group\":\"\"}', '', '', '', '0', '0000-00-00 00:00:00', '0', '0'), ('208', 'mod_login', 'module', 'mod_login', '', '0', '1', '1', '1', '{\"legacy\":false,\"name\":\"mod_login\",\"type\":\"module\",\"creationDate\":\"July 2006\",\"author\":\"Joomla! Project\",\"copyright\":\"Copyright (C) 2005 - 2014 Open Source Matters. All rights reserved.\",\"authorEmail\":\"admin@joomla.org\",\"authorUrl\":\"www.joomla.org\",\"version\":\"2.5.0\",\"description\":\"MOD_LOGIN_XML_DESCRIPTION\",\"group\":\"\"}', '', '', '', '0', '0000-00-00 00:00:00', '0', '0'), ('209', 'mod_menu', 'module', 'mod_menu', '', '0', '1', '1', '1', '{\"legacy\":false,\"name\":\"mod_menu\",\"type\":\"module\",\"creationDate\":\"July 2004\",\"author\":\"Joomla! Project\",\"copyright\":\"Copyright (C) 2005 - 2014 Open Source Matters. All rights reserved.\",\"authorEmail\":\"admin@joomla.org\",\"authorUrl\":\"www.joomla.org\",\"version\":\"2.5.0\",\"description\":\"MOD_MENU_XML_DESCRIPTION\",\"group\":\"\"}', '', '', '', '0', '0000-00-00 00:00:00', '0', '0'), ('210', 'mod_articles_news', 'module', 'mod_articles_news', '', '0', '1', '1', '0', '{\"legacy\":false,\"name\":\"mod_articles_news\",\"type\":\"module\",\"creationDate\":\"July 2006\",\"author\":\"Joomla! Project\",\"copyright\":\"Copyright (C) 2005 - 2014 Open Source Matters. All rights reserved.\",\"authorEmail\":\"admin@joomla.org\",\"authorUrl\":\"www.joomla.org\",\"version\":\"2.5.0\",\"description\":\"MOD_ARTICLES_NEWS_XML_DESCRIPTION\",\"group\":\"\"}', '', '', '', '0', '0000-00-00 00:00:00', '0', '0'), ('211', 'mod_random_image', 'module', 'mod_random_image', '', '0', '1', '1', '0', '{\"legacy\":false,\"name\":\"mod_random_image\",\"type\":\"module\",\"creationDate\":\"July 2006\",\"author\":\"Joomla! Project\",\"copyright\":\"Copyright (C) 2005 - 2014 Open Source Matters. All rights reserved.\",\"authorEmail\":\"admin@joomla.org\",\"authorUrl\":\"www.joomla.org\",\"version\":\"2.5.0\",\"description\":\"MOD_RANDOM_IMAGE_XML_DESCRIPTION\",\"group\":\"\"}', '', '', '', '0', '0000-00-00 00:00:00', '0', '0'), ('212', 'mod_related_items', 'module', 'mod_related_items', '', '0', '1', '1', '0', '{\"legacy\":false,\"name\":\"mod_related_items\",\"type\":\"module\",\"creationDate\":\"July 2004\",\"author\":\"Joomla! Project\",\"copyright\":\"Copyright (C) 2005 - 2014 Open Source Matters. All rights reserved.\",\"authorEmail\":\"admin@joomla.org\",\"authorUrl\":\"www.joomla.org\",\"version\":\"2.5.0\",\"description\":\"MOD_RELATED_XML_DESCRIPTION\",\"group\":\"\"}', '', '', '', '0', '0000-00-00 00:00:00', '0', '0'), ('213', 'mod_search', 'module', 'mod_search', '', '0', '1', '1', '0', '{\"legacy\":false,\"name\":\"mod_search\",\"type\":\"module\",\"creationDate\":\"July 2004\",\"author\":\"Joomla! Project\",\"copyright\":\"Copyright (C) 2005 - 2014 Open Source Matters. All rights reserved.\",\"authorEmail\":\"admin@joomla.org\",\"authorUrl\":\"www.joomla.org\",\"version\":\"2.5.0\",\"description\":\"MOD_SEARCH_XML_DESCRIPTION\",\"group\":\"\"}', '', '', '', '0', '0000-00-00 00:00:00', '0', '0'), ('214', 'mod_stats', 'module', 'mod_stats', '', '0', '1', '1', '0', '{\"legacy\":false,\"name\":\"mod_stats\",\"type\":\"module\",\"creationDate\":\"July 2004\",\"author\":\"Joomla! Project\",\"copyright\":\"Copyright (C) 2005 - 2014 Open Source Matters. All rights reserved.\",\"authorEmail\":\"admin@joomla.org\",\"authorUrl\":\"www.joomla.org\",\"version\":\"2.5.0\",\"description\":\"MOD_STATS_XML_DESCRIPTION\",\"group\":\"\"}', '', '', '', '0', '0000-00-00 00:00:00', '0', '0'), ('215', 'mod_syndicate', 'module', 'mod_syndicate', '', '0', '1', '1', '1', '{\"legacy\":false,\"name\":\"mod_syndicate\",\"type\":\"module\",\"creationDate\":\"May 2006\",\"author\":\"Joomla! Project\",\"copyright\":\"Copyright (C) 2005 - 2014 Open Source Matters. All rights reserved.\",\"authorEmail\":\"admin@joomla.org\",\"authorUrl\":\"www.joomla.org\",\"version\":\"2.5.0\",\"description\":\"MOD_SYNDICATE_XML_DESCRIPTION\",\"group\":\"\"}', '', '', '', '0', '0000-00-00 00:00:00', '0', '0'), ('216', 'mod_users_latest', 'module', 'mod_users_latest', '', '0', '1', '1', '1', '{\"legacy\":false,\"name\":\"mod_users_latest\",\"type\":\"module\",\"creationDate\":\"December 2009\",\"author\":\"Joomla! Project\",\"copyright\":\"Copyright (C) 2005 - 2014 Open Source Matters. All rights reserved.\",\"authorEmail\":\"admin@joomla.org\",\"authorUrl\":\"www.joomla.org\",\"version\":\"2.5.0\",\"description\":\"MOD_USERS_LATEST_XML_DESCRIPTION\",\"group\":\"\"}', '', '', '', '0', '0000-00-00 00:00:00', '0', '0'), ('217', 'mod_weblinks', 'module', 'mod_weblinks', '', '0', '1', '1', '0', '{\"legacy\":false,\"name\":\"mod_weblinks\",\"type\":\"module\",\"creationDate\":\"July 2009\",\"author\":\"Joomla! Project\",\"copyright\":\"Copyright (C) 2005 - 2014 Open Source Matters. All rights reserved.\",\"authorEmail\":\"admin@joomla.org\",\"authorUrl\":\"www.joomla.org\",\"version\":\"2.5.0\",\"description\":\"MOD_WEBLINKS_XML_DESCRIPTION\",\"group\":\"\"}', '', '', '', '0', '0000-00-00 00:00:00', '0', '0'), ('218', 'mod_whosonline', 'module', 'mod_whosonline', '', '0', '1', '1', '0', '{\"legacy\":false,\"name\":\"mod_whosonline\",\"type\":\"module\",\"creationDate\":\"July 2004\",\"author\":\"Joomla! Project\",\"copyright\":\"Copyright (C) 2005 - 2014 Open Source Matters. All rights reserved.\",\"authorEmail\":\"admin@joomla.org\",\"authorUrl\":\"www.joomla.org\",\"version\":\"2.5.0\",\"description\":\"MOD_WHOSONLINE_XML_DESCRIPTION\",\"group\":\"\"}', '', '', '', '0', '0000-00-00 00:00:00', '0', '0'), ('219', 'mod_wrapper', 'module', 'mod_wrapper', '', '0', '1', '1', '0', '{\"legacy\":false,\"name\":\"mod_wrapper\",\"type\":\"module\",\"creationDate\":\"October 2004\",\"author\":\"Joomla! Project\",\"copyright\":\"Copyright (C) 2005 - 2014 Open Source Matters. All rights reserved.\",\"authorEmail\":\"admin@joomla.org\",\"authorUrl\":\"www.joomla.org\",\"version\":\"2.5.0\",\"description\":\"MOD_WRAPPER_XML_DESCRIPTION\",\"group\":\"\"}', '', '', '', '0', '0000-00-00 00:00:00', '0', '0'), ('220', 'mod_articles_category', 'module', 'mod_articles_category', '', '0', '1', '1', '1', '{\"legacy\":false,\"name\":\"mod_articles_category\",\"type\":\"module\",\"creationDate\":\"February 2010\",\"author\":\"Joomla! Project\",\"copyright\":\"Copyright (C) 2005 - 2014 Open Source Matters. All rights reserved.\",\"authorEmail\":\"admin@joomla.org\",\"authorUrl\":\"www.joomla.org\",\"version\":\"2.5.0\",\"description\":\"MOD_ARTICLES_CATEGORY_XML_DESCRIPTION\",\"group\":\"\"}', '', '', '', '0', '0000-00-00 00:00:00', '0', '0'), ('221', 'mod_articles_categories', 'module', 'mod_articles_categories', '', '0', '1', '1', '1', '{\"legacy\":false,\"name\":\"mod_articles_categories\",\"type\":\"module\",\"creationDate\":\"February 2010\",\"author\":\"Joomla! Project\",\"copyright\":\"Copyright (C) 2005 - 2014 Open Source Matters. All rights reserved.\",\"authorEmail\":\"admin@joomla.org\",\"authorUrl\":\"www.joomla.org\",\"version\":\"2.5.0\",\"description\":\"MOD_ARTICLES_CATEGORIES_XML_DESCRIPTION\",\"group\":\"\"}', '', '', '', '0', '0000-00-00 00:00:00', '0', '0'), ('222', 'mod_languages', 'module', 'mod_languages', '', '0', '1', '1', '1', '{\"legacy\":false,\"name\":\"mod_languages\",\"type\":\"module\",\"creationDate\":\"February 2010\",\"author\":\"Joomla! Project\",\"copyright\":\"Copyright (C) 2005 - 2014 Open Source Matters. All rights reserved.\",\"authorEmail\":\"admin@joomla.org\",\"authorUrl\":\"www.joomla.org\",\"version\":\"2.5.0\",\"description\":\"MOD_LANGUAGES_XML_DESCRIPTION\",\"group\":\"\"}', '', '', '', '0', '0000-00-00 00:00:00', '0', '0'), ('223', 'mod_finder', 'module', 'mod_finder', '', '0', '1', '0', '0', '{\"legacy\":false,\"name\":\"mod_finder\",\"type\":\"module\",\"creationDate\":\"August 2011\",\"author\":\"Joomla! Project\",\"copyright\":\"(C) 2005 - 2014 Open Source Matters. All rights reserved.\",\"authorEmail\":\"admin@joomla.org\",\"authorUrl\":\"www.joomla.org\",\"version\":\"2.5.0\",\"description\":\"MOD_FINDER_XML_DESCRIPTION\",\"group\":\"\"}', '', '', '', '0', '0000-00-00 00:00:00', '0', '0'), ('300', 'mod_custom', 'module', 'mod_custom', '', '1', '1', '1', '1', '{\"legacy\":false,\"name\":\"mod_custom\",\"type\":\"module\",\"creationDate\":\"July 2004\",\"author\":\"Joomla! Project\",\"copyright\":\"Copyright (C) 2005 - 2014 Open Source Matters. All rights reserved.\",\"authorEmail\":\"admin@joomla.org\",\"authorUrl\":\"www.joomla.org\",\"version\":\"2.5.0\",\"description\":\"MOD_CUSTOM_XML_DESCRIPTION\",\"group\":\"\"}', '', '', '', '0', '0000-00-00 00:00:00', '0', '0'), ('301', 'mod_feed', 'module', 'mod_feed', '', '1', '1', '1', '0', '{\"legacy\":false,\"name\":\"mod_feed\",\"type\":\"module\",\"creationDate\":\"July 2005\",\"author\":\"Joomla! Project\",\"copyright\":\"Copyright (C) 2005 - 2014 Open Source Matters. All rights reserved.\",\"authorEmail\":\"admin@joomla.org\",\"authorUrl\":\"www.joomla.org\",\"version\":\"2.5.0\",\"description\":\"MOD_FEED_XML_DESCRIPTION\",\"group\":\"\"}', '', '', '', '0', '0000-00-00 00:00:00', '0', '0'), ('302', 'mod_latest', 'module', 'mod_latest', '', '1', '1', '1', '0', '{\"legacy\":false,\"name\":\"mod_latest\",\"type\":\"module\",\"creationDate\":\"July 2004\",\"author\":\"Joomla! Project\",\"copyright\":\"Copyright (C) 2005 - 2014 Open Source Matters. All rights reserved.\",\"authorEmail\":\"admin@joomla.org\",\"authorUrl\":\"www.joomla.org\",\"version\":\"2.5.0\",\"description\":\"MOD_LATEST_XML_DESCRIPTION\",\"group\":\"\"}', '', '', '', '0', '0000-00-00 00:00:00', '0', '0'), ('303', 'mod_logged', 'module', 'mod_logged', '', '1', '1', '1', '0', '{\"legacy\":false,\"name\":\"mod_logged\",\"type\":\"module\",\"creationDate\":\"January 2005\",\"author\":\"Joomla! Project\",\"copyright\":\"Copyright (C) 2005 - 2014 Open Source Matters. All rights reserved.\",\"authorEmail\":\"admin@joomla.org\",\"authorUrl\":\"www.joomla.org\",\"version\":\"2.5.0\",\"description\":\"MOD_LOGGED_XML_DESCRIPTION\",\"group\":\"\"}', '', '', '', '0', '0000-00-00 00:00:00', '0', '0'), ('304', 'mod_login', 'module', 'mod_login', '', '1', '1', '1', '1', '{\"legacy\":false,\"name\":\"mod_login\",\"type\":\"module\",\"creationDate\":\"March 2005\",\"author\":\"Joomla! Project\",\"copyright\":\"Copyright (C) 2005 - 2014 Open Source Matters. All rights reserved.\",\"authorEmail\":\"admin@joomla.org\",\"authorUrl\":\"www.joomla.org\",\"version\":\"2.5.0\",\"description\":\"MOD_LOGIN_XML_DESCRIPTION\",\"group\":\"\"}', '', '', '', '0', '0000-00-00 00:00:00', '0', '0'), ('305', 'mod_menu', 'module', 'mod_menu', '', '1', '1', '1', '0', '{\"legacy\":false,\"name\":\"mod_menu\",\"type\":\"module\",\"creationDate\":\"March 2006\",\"author\":\"Joomla! Project\",\"copyright\":\"Copyright (C) 2005 - 2014 Open Source Matters. All rights reserved.\",\"authorEmail\":\"admin@joomla.org\",\"authorUrl\":\"www.joomla.org\",\"version\":\"2.5.0\",\"description\":\"MOD_MENU_XML_DESCRIPTION\",\"group\":\"\"}', '', '', '', '0', '0000-00-00 00:00:00', '0', '0'), ('307', 'mod_popular', 'module', 'mod_popular', '', '1', '1', '1', '0', '{\"legacy\":false,\"name\":\"mod_popular\",\"type\":\"module\",\"creationDate\":\"July 2004\",\"author\":\"Joomla! Project\",\"copyright\":\"Copyright (C) 2005 - 2014 Open Source Matters. All rights reserved.\",\"authorEmail\":\"admin@joomla.org\",\"authorUrl\":\"www.joomla.org\",\"version\":\"2.5.0\",\"description\":\"MOD_POPULAR_XML_DESCRIPTION\",\"group\":\"\"}', '', '', '', '0', '0000-00-00 00:00:00', '0', '0'), ('308', 'mod_quickicon', 'module', 'mod_quickicon', '', '1', '1', '1', '1', '{\"legacy\":false,\"name\":\"mod_quickicon\",\"type\":\"module\",\"creationDate\":\"Nov 2005\",\"author\":\"Joomla! Project\",\"copyright\":\"Copyright (C) 2005 - 2014 Open Source Matters. All rights reserved.\",\"authorEmail\":\"admin@joomla.org\",\"authorUrl\":\"www.joomla.org\",\"version\":\"2.5.0\",\"description\":\"MOD_QUICKICON_XML_DESCRIPTION\",\"group\":\"\"}', '', '', '', '0', '0000-00-00 00:00:00', '0', '0'), ('309', 'mod_status', 'module', 'mod_status', '', '1', '1', '1', '0', '{\"legacy\":false,\"name\":\"mod_status\",\"type\":\"module\",\"creationDate\":\"Feb 2006\",\"author\":\"Joomla! Project\",\"copyright\":\"(C) 2005 - 2014 Open Source Matters. All rights reserved.\",\"authorEmail\":\"admin@joomla.org\",\"authorUrl\":\"www.joomla.org\",\"version\":\"2.5.0\",\"description\":\"MOD_STATUS_XML_DESCRIPTION\",\"group\":\"\"}', '', '', '', '0', '0000-00-00 00:00:00', '0', '0'), ('310', 'mod_submenu', 'module', 'mod_submenu', '', '1', '1', '1', '0', '{\"legacy\":false,\"name\":\"mod_submenu\",\"type\":\"module\",\"creationDate\":\"Feb 2006\",\"author\":\"Joomla! Project\",\"copyright\":\"Copyright (C) 2005 - 2014 Open Source Matters. All rights reserved.\",\"authorEmail\":\"admin@joomla.org\",\"authorUrl\":\"www.joomla.org\",\"version\":\"2.5.0\",\"description\":\"MOD_SUBMENU_XML_DESCRIPTION\",\"group\":\"\"}', '', '', '', '0', '0000-00-00 00:00:00', '0', '0'), ('311', 'mod_title', 'module', 'mod_title', '', '1', '1', '1', '0', '{\"legacy\":false,\"name\":\"mod_title\",\"type\":\"module\",\"creationDate\":\"Nov 2005\",\"author\":\"Joomla! Project\",\"copyright\":\"Copyright (C) 2005 - 2014 Open Source Matters. All rights reserved.\",\"authorEmail\":\"admin@joomla.org\",\"authorUrl\":\"www.joomla.org\",\"version\":\"2.5.0\",\"description\":\"MOD_TITLE_XML_DESCRIPTION\",\"group\":\"\"}', '', '', '', '0', '0000-00-00 00:00:00', '0', '0'), ('312', 'mod_toolbar', 'module', 'mod_toolbar', '', '1', '1', '1', '1', '{\"legacy\":false,\"name\":\"mod_toolbar\",\"type\":\"module\",\"creationDate\":\"Nov 2005\",\"author\":\"Joomla! Project\",\"copyright\":\"Copyright (C) 2005 - 2014 Open Source Matters. All rights reserved.\",\"authorEmail\":\"admin@joomla.org\",\"authorUrl\":\"www.joomla.org\",\"version\":\"2.5.0\",\"description\":\"MOD_TOOLBAR_XML_DESCRIPTION\",\"group\":\"\"}', '', '', '', '0', '0000-00-00 00:00:00', '0', '0'), ('313', 'mod_multilangstatus', 'module', 'mod_multilangstatus', '', '1', '1', '1', '0', '{\"legacy\":false,\"name\":\"mod_multilangstatus\",\"type\":\"module\",\"creationDate\":\"September 2011\",\"author\":\"Joomla! Project\",\"copyright\":\"Copyright (C) 2005 - 2014 Open Source Matters. All rights reserved.\",\"authorEmail\":\"admin@joomla.org\",\"authorUrl\":\"www.joomla.org\",\"version\":\"2.5.0\",\"description\":\"MOD_MULTILANGSTATUS_XML_DESCRIPTION\",\"group\":\"\"}', '{\"cache\":\"0\"}', '', '', '0', '0000-00-00 00:00:00', '0', '0'), ('314', 'mod_version', 'module', 'mod_version', '', '1', '1', '1', '0', '{\"legacy\":false,\"name\":\"mod_version\",\"type\":\"module\",\"creationDate\":\"January 2012\",\"author\":\"Joomla! Project\",\"copyright\":\"Copyright (C) 2005 - 2014 Open Source Matters. All rights reserved.\",\"authorEmail\":\"admin@joomla.org\",\"authorUrl\":\"www.joomla.org\",\"version\":\"2.5.0\",\"description\":\"MOD_VERSION_XML_DESCRIPTION\",\"group\":\"\"}', '{\"format\":\"short\",\"product\":\"1\",\"cache\":\"0\"}', '', '', '0', '0000-00-00 00:00:00', '0', '0'), ('400', 'plg_authentication_gmail', 'plugin', 'gmail', 'authentication', '0', '0', '1', '0', '{\"legacy\":false,\"name\":\"plg_authentication_gmail\",\"type\":\"plugin\",\"creationDate\":\"February 2006\",\"author\":\"Joomla! Project\",\"copyright\":\"Copyright (C) 2005 - 2014 Open Source Matters. All rights reserved.\",\"authorEmail\":\"admin@joomla.org\",\"authorUrl\":\"www.joomla.org\",\"version\":\"2.5.0\",\"description\":\"PLG_GMAIL_XML_DESCRIPTION\",\"group\":\"\"}', '{\"applysuffix\":\"0\",\"suffix\":\"\",\"verifypeer\":\"1\",\"user_blacklist\":\"\"}', '', '', '0', '0000-00-00 00:00:00', '1', '0'), ('401', 'plg_authentication_joomla', 'plugin', 'joomla', 'authentication', '0', '1', '1', '1', '{\"legacy\":false,\"name\":\"plg_authentication_joomla\",\"type\":\"plugin\",\"creationDate\":\"November 2005\",\"author\":\"Joomla! Project\",\"copyright\":\"Copyright (C) 2005 - 2014 Open Source Matters. All rights reserved.\",\"authorEmail\":\"admin@joomla.org\",\"authorUrl\":\"www.joomla.org\",\"version\":\"2.5.0\",\"description\":\"PLG_AUTH_JOOMLA_XML_DESCRIPTION\",\"group\":\"\"}', '{}', '', '', '0', '0000-00-00 00:00:00', '0', '0'), ('402', 'plg_authentication_ldap', 'plugin', 'ldap', 'authentication', '0', '0', '1', '0', '{\"legacy\":false,\"name\":\"plg_authentication_ldap\",\"type\":\"plugin\",\"creationDate\":\"November 2005\",\"author\":\"Joomla! Project\",\"copyright\":\"Copyright (C) 2005 - 2014 Open Source Matters. All rights reserved.\",\"authorEmail\":\"admin@joomla.org\",\"authorUrl\":\"www.joomla.org\",\"version\":\"2.5.0\",\"description\":\"PLG_LDAP_XML_DESCRIPTION\",\"group\":\"\"}', '{\"host\":\"\",\"port\":\"389\",\"use_ldapV3\":\"0\",\"negotiate_tls\":\"0\",\"no_referrals\":\"0\",\"auth_method\":\"bind\",\"base_dn\":\"\",\"search_string\":\"\",\"users_dn\":\"\",\"username\":\"admin\",\"password\":\"bobby7\",\"ldap_fullname\":\"fullName\",\"ldap_email\":\"mail\",\"ldap_uid\":\"uid\"}', '', '', '0', '0000-00-00 00:00:00', '3', '0'), ('404', 'plg_content_emailcloak', 'plugin', 'emailcloak', 'content', '0', '1', '1', '0', '{\"legacy\":false,\"name\":\"plg_content_emailcloak\",\"type\":\"plugin\",\"creationDate\":\"November 2005\",\"author\":\"Joomla! Project\",\"copyright\":\"Copyright (C) 2005 - 2014 Open Source Matters. All rights reserved.\",\"authorEmail\":\"admin@joomla.org\",\"authorUrl\":\"www.joomla.org\",\"version\":\"2.5.0\",\"description\":\"PLG_CONTENT_EMAILCLOAK_XML_DESCRIPTION\",\"group\":\"\"}', '{\"mode\":\"1\"}', '', '', '0', '0000-00-00 00:00:00', '1', '0'), ('405', 'plg_content_geshi', 'plugin', 'geshi', 'content', '0', '0', '1', '0', '{\"legacy\":false,\"name\":\"plg_content_geshi\",\"type\":\"plugin\",\"creationDate\":\"November 2005\",\"author\":\"Joomla! Project\",\"copyright\":\"Copyright (C) 2005 - 2014 Open Source Matters. All rights reserved.\",\"authorEmail\":\"\",\"authorUrl\":\"qbnz.com\\/highlighter\",\"version\":\"2.5.0\",\"description\":\"PLG_CONTENT_GESHI_XML_DESCRIPTION\",\"group\":\"\"}', '{}', '', '', '0', '0000-00-00 00:00:00', '2', '0'), ('406', 'plg_content_loadmodule', 'plugin', 'loadmodule', 'content', '0', '1', '1', '0', '{\"legacy\":false,\"name\":\"plg_content_loadmodule\",\"type\":\"plugin\",\"creationDate\":\"November 2005\",\"author\":\"Joomla! Project\",\"copyright\":\"Copyright (C) 2005 - 2014 Open Source Matters. All rights reserved.\",\"authorEmail\":\"admin@joomla.org\",\"authorUrl\":\"www.joomla.org\",\"version\":\"2.5.0\",\"description\":\"PLG_LOADMODULE_XML_DESCRIPTION\",\"group\":\"\"}', '{\"style\":\"xhtml\"}', '', '', '0', '2011-09-18 15:22:50', '0', '0'), ('407', 'plg_content_pagebreak', 'plugin', 'pagebreak', 'content', '0', '1', '1', '1', '{\"legacy\":false,\"name\":\"plg_content_pagebreak\",\"type\":\"plugin\",\"creationDate\":\"November 2005\",\"author\":\"Joomla! Project\",\"copyright\":\"Copyright (C) 2005 - 2014 Open Source Matters. All rights reserved.\",\"authorEmail\":\"admin@joomla.org\",\"authorUrl\":\"www.joomla.org\",\"version\":\"2.5.0\",\"description\":\"PLG_CONTENT_PAGEBREAK_XML_DESCRIPTION\",\"group\":\"\"}', '{\"title\":\"1\",\"multipage_toc\":\"1\",\"showall\":\"1\"}', '', '', '0', '0000-00-00 00:00:00', '4', '0'), ('408', 'plg_content_pagenavigation', 'plugin', 'pagenavigation', 'content', '0', '1', '1', '1', '{\"legacy\":false,\"name\":\"plg_content_pagenavigation\",\"type\":\"plugin\",\"creationDate\":\"January 2006\",\"author\":\"Joomla! Project\",\"copyright\":\"Copyright (C) 2005 - 2014 Open Source Matters. All rights reserved.\",\"authorEmail\":\"admin@joomla.org\",\"authorUrl\":\"www.joomla.org\",\"version\":\"2.5.0\",\"description\":\"PLG_PAGENAVIGATION_XML_DESCRIPTION\",\"group\":\"\"}', '{\"position\":\"1\"}', '', '', '0', '0000-00-00 00:00:00', '5', '0'), ('409', 'plg_content_vote', 'plugin', 'vote', 'content', '0', '1', '1', '1', '{\"legacy\":false,\"name\":\"plg_content_vote\",\"type\":\"plugin\",\"creationDate\":\"November 2005\",\"author\":\"Joomla! Project\",\"copyright\":\"Copyright (C) 2005 - 2014 Open Source Matters. All rights reserved.\",\"authorEmail\":\"admin@joomla.org\",\"authorUrl\":\"www.joomla.org\",\"version\":\"2.5.0\",\"description\":\"PLG_VOTE_XML_DESCRIPTION\",\"group\":\"\"}', '{}', '', '', '0', '0000-00-00 00:00:00', '6', '0'), ('410', 'plg_editors_codemirror', 'plugin', 'codemirror', 'editors', '0', '1', '1', '1', '{\"legacy\":false,\"name\":\"plg_editors_codemirror\",\"type\":\"plugin\",\"creationDate\":\"28 March 2011\",\"author\":\"Marijn Haverbeke\",\"copyright\":\"\",\"authorEmail\":\"N\\/A\",\"authorUrl\":\"\",\"version\":\"1.0\",\"description\":\"PLG_CODEMIRROR_XML_DESCRIPTION\",\"group\":\"\"}', '{\"linenumbers\":\"0\",\"tabmode\":\"indent\"}', '', '', '0', '0000-00-00 00:00:00', '1', '0'), ('411', 'plg_editors_none', 'plugin', 'none', 'editors', '0', '1', '1', '1', '{\"legacy\":false,\"name\":\"plg_editors_none\",\"type\":\"plugin\",\"creationDate\":\"August 2004\",\"author\":\"Unknown\",\"copyright\":\"\",\"authorEmail\":\"N\\/A\",\"authorUrl\":\"\",\"version\":\"2.5.0\",\"description\":\"PLG_NONE_XML_DESCRIPTION\",\"group\":\"\"}', '{}', '', '', '0', '0000-00-00 00:00:00', '2', '0'), ('412', 'plg_editors_tinymce', 'plugin', 'tinymce', 'editors', '0', '1', '1', '1', '{\"legacy\":false,\"name\":\"plg_editors_tinymce\",\"type\":\"plugin\",\"creationDate\":\"2005-2013\",\"author\":\"Moxiecode Systems AB\",\"copyright\":\"Moxiecode Systems AB\",\"authorEmail\":\"N\\/A\",\"authorUrl\":\"tinymce.moxiecode.com\\/\",\"version\":\"3.5.4.1\",\"description\":\"PLG_TINY_XML_DESCRIPTION\",\"group\":\"\"}', '{\"mode\":\"2\",\"skin\":\"0\",\"entity_encoding\":\"raw\",\"lang_mode\":\"1\",\"lang_code\":\"en\",\"text_direction\":\"ltr\",\"content_css\":\"1\",\"content_css_custom\":\"\",\"relative_urls\":\"1\",\"newlines\":\"0\",\"invalid_elements\":\"script,applet,iframe\",\"extended_elements\":\"\",\"toolbar\":\"top\",\"toolbar_align\":\"left\",\"html_height\":\"550\",\"html_width\":\"750\",\"resizing\":\"true\",\"resize_horizontal\":\"false\",\"element_path\":\"1\",\"fonts\":\"1\",\"paste\":\"1\",\"searchreplace\":\"1\",\"insertdate\":\"1\",\"format_date\":\"%Y-%m-%d\",\"inserttime\":\"1\",\"format_time\":\"%H:%M:%S\",\"colors\":\"1\",\"table\":\"1\",\"smilies\":\"1\",\"media\":\"1\",\"hr\":\"1\",\"directionality\":\"1\",\"fullscreen\":\"1\",\"style\":\"1\",\"layer\":\"1\",\"xhtmlxtras\":\"1\",\"visualchars\":\"1\",\"nonbreaking\":\"1\",\"template\":\"1\",\"blockquote\":\"1\",\"wordcount\":\"1\",\"advimage\":\"1\",\"advlink\":\"1\",\"advlist\":\"1\",\"autosave\":\"1\",\"contextmenu\":\"1\",\"inlinepopups\":\"1\",\"custom_plugin\":\"\",\"custom_button\":\"\"}', '', '', '0', '0000-00-00 00:00:00', '3', '0'), ('413', 'plg_editors-xtd_article', 'plugin', 'article', 'editors-xtd', '0', '1', '1', '1', '{\"legacy\":false,\"name\":\"plg_editors-xtd_article\",\"type\":\"plugin\",\"creationDate\":\"October 2009\",\"author\":\"Joomla! Project\",\"copyright\":\"Copyright (C) 2005 - 2014 Open Source Matters. All rights reserved.\",\"authorEmail\":\"admin@joomla.org\",\"authorUrl\":\"www.joomla.org\",\"version\":\"2.5.0\",\"description\":\"PLG_ARTICLE_XML_DESCRIPTION\",\"group\":\"\"}', '{}', '', '', '0', '0000-00-00 00:00:00', '1', '0'), ('414', 'plg_editors-xtd_image', 'plugin', 'image', 'editors-xtd', '0', '1', '1', '0', '{\"legacy\":false,\"name\":\"plg_editors-xtd_image\",\"type\":\"plugin\",\"creationDate\":\"August 2004\",\"author\":\"Joomla! Project\",\"copyright\":\"Copyright (C) 2005 - 2014 Open Source Matters. All rights reserved.\",\"authorEmail\":\"admin@joomla.org\",\"authorUrl\":\"www.joomla.org\",\"version\":\"2.5.0\",\"description\":\"PLG_IMAGE_XML_DESCRIPTION\",\"group\":\"\"}', '{}', '', '', '0', '0000-00-00 00:00:00', '2', '0'), ('415', 'plg_editors-xtd_pagebreak', 'plugin', 'pagebreak', 'editors-xtd', '0', '1', '1', '0', '{\"legacy\":false,\"name\":\"plg_editors-xtd_pagebreak\",\"type\":\"plugin\",\"creationDate\":\"August 2004\",\"author\":\"Joomla! Project\",\"copyright\":\"Copyright (C) 2005 - 2014 Open Source Matters. All rights reserved.\",\"authorEmail\":\"admin@joomla.org\",\"authorUrl\":\"www.joomla.org\",\"version\":\"2.5.0\",\"description\":\"PLG_EDITORSXTD_PAGEBREAK_XML_DESCRIPTION\",\"group\":\"\"}', '{}', '', '', '0', '0000-00-00 00:00:00', '3', '0'), ('416', 'plg_editors-xtd_readmore', 'plugin', 'readmore', 'editors-xtd', '0', '1', '1', '0', '{\"legacy\":false,\"name\":\"plg_editors-xtd_readmore\",\"type\":\"plugin\",\"creationDate\":\"March 2006\",\"author\":\"Joomla! Project\",\"copyright\":\"Copyright (C) 2005 - 2014 Open Source Matters. All rights reserved.\",\"authorEmail\":\"admin@joomla.org\",\"authorUrl\":\"www.joomla.org\",\"version\":\"2.5.0\",\"description\":\"PLG_READMORE_XML_DESCRIPTION\",\"group\":\"\"}', '{}', '', '', '0', '0000-00-00 00:00:00', '4', '0'), ('417', 'plg_search_categories', 'plugin', 'categories', 'search', '0', '1', '1', '0', '{\"legacy\":false,\"name\":\"plg_search_categories\",\"type\":\"plugin\",\"creationDate\":\"November 2005\",\"author\":\"Joomla! Project\",\"copyright\":\"Copyright (C) 2005 - 2014 Open Source Matters. All rights reserved.\",\"authorEmail\":\"admin@joomla.org\",\"authorUrl\":\"www.joomla.org\",\"version\":\"2.5.0\",\"description\":\"PLG_SEARCH_CATEGORIES_XML_DESCRIPTION\",\"group\":\"\"}', '{\"search_limit\":\"50\",\"search_content\":\"1\",\"search_archived\":\"1\"}', '', '', '0', '0000-00-00 00:00:00', '0', '0'), ('418', 'plg_search_contacts', 'plugin', 'contacts', 'search', '0', '1', '1', '0', '{\"legacy\":false,\"name\":\"plg_search_contacts\",\"type\":\"plugin\",\"creationDate\":\"November 2005\",\"author\":\"Joomla! Project\",\"copyright\":\"Copyright (C) 2005 - 2014 Open Source Matters. All rights reserved.\",\"authorEmail\":\"admin@joomla.org\",\"authorUrl\":\"www.joomla.org\",\"version\":\"2.5.0\",\"description\":\"PLG_SEARCH_CONTACTS_XML_DESCRIPTION\",\"group\":\"\"}', '{\"search_limit\":\"50\",\"search_content\":\"1\",\"search_archived\":\"1\"}', '', '', '0', '0000-00-00 00:00:00', '0', '0'), ('419', 'plg_search_content', 'plugin', 'content', 'search', '0', '1', '1', '0', '{\"legacy\":false,\"name\":\"plg_search_content\",\"type\":\"plugin\",\"creationDate\":\"November 2005\",\"author\":\"Joomla! Project\",\"copyright\":\"Copyright (C) 2005 - 2014 Open Source Matters. All rights reserved.\",\"authorEmail\":\"admin@joomla.org\",\"authorUrl\":\"www.joomla.org\",\"version\":\"2.5.0\",\"description\":\"PLG_SEARCH_CONTENT_XML_DESCRIPTION\",\"group\":\"\"}', '{\"search_limit\":\"50\",\"search_content\":\"1\",\"search_archived\":\"1\"}', '', '', '0', '0000-00-00 00:00:00', '0', '0'), ('420', 'plg_search_newsfeeds', 'plugin', 'newsfeeds', 'search', '0', '1', '1', '0', '{\"legacy\":false,\"name\":\"plg_search_newsfeeds\",\"type\":\"plugin\",\"creationDate\":\"November 2005\",\"author\":\"Joomla! Project\",\"copyright\":\"Copyright (C) 2005 - 2014 Open Source Matters. All rights reserved.\",\"authorEmail\":\"admin@joomla.org\",\"authorUrl\":\"www.joomla.org\",\"version\":\"2.5.0\",\"description\":\"PLG_SEARCH_NEWSFEEDS_XML_DESCRIPTION\",\"group\":\"\"}', '{\"search_limit\":\"50\",\"search_content\":\"1\",\"search_archived\":\"1\"}', '', '', '0', '0000-00-00 00:00:00', '0', '0'), ('421', 'plg_search_weblinks', 'plugin', 'weblinks', 'search', '0', '1', '1', '0', '{\"legacy\":false,\"name\":\"plg_search_weblinks\",\"type\":\"plugin\",\"creationDate\":\"November 2005\",\"author\":\"Joomla! Project\",\"copyright\":\"Copyright (C) 2005 - 2014 Open Source Matters. All rights reserved.\",\"authorEmail\":\"admin@joomla.org\",\"authorUrl\":\"www.joomla.org\",\"version\":\"2.5.0\",\"description\":\"PLG_SEARCH_WEBLINKS_XML_DESCRIPTION\",\"group\":\"\"}', '{\"search_limit\":\"50\",\"search_content\":\"1\",\"search_archived\":\"1\"}', '', '', '0', '0000-00-00 00:00:00', '0', '0'), ('422', 'plg_system_languagefilter', 'plugin', 'languagefilter', 'system', '0', '0', '1', '1', '{\"legacy\":false,\"name\":\"plg_system_languagefilter\",\"type\":\"plugin\",\"creationDate\":\"July 2010\",\"author\":\"Joomla! Project\",\"copyright\":\"Copyright (C) 2005 - 2014 Open Source Matters. All rights reserved.\",\"authorEmail\":\"admin@joomla.org\",\"authorUrl\":\"www.joomla.org\",\"version\":\"2.5.0\",\"description\":\"PLG_SYSTEM_LANGUAGEFILTER_XML_DESCRIPTION\",\"group\":\"\"}', '{}', '', '', '0', '0000-00-00 00:00:00', '1', '0'), ('423', 'plg_system_p3p', 'plugin', 'p3p', 'system', '0', '1', '1', '1', '{\"legacy\":false,\"name\":\"plg_system_p3p\",\"type\":\"plugin\",\"creationDate\":\"September 2010\",\"author\":\"Joomla! Project\",\"copyright\":\"Copyright (C) 2005 - 2014 Open Source Matters. All rights reserved.\",\"authorEmail\":\"admin@joomla.org\",\"authorUrl\":\"www.joomla.org\",\"version\":\"2.5.0\",\"description\":\"PLG_P3P_XML_DESCRIPTION\",\"group\":\"\"}', '{\"headers\":\"NOI ADM DEV PSAi COM NAV OUR OTRo STP IND DEM\"}', '', '', '0', '0000-00-00 00:00:00', '2', '0'), ('424', 'plg_system_cache', 'plugin', 'cache', 'system', '0', '0', '1', '1', '{\"legacy\":false,\"name\":\"plg_system_cache\",\"type\":\"plugin\",\"creationDate\":\"February 2007\",\"author\":\"Joomla! Project\",\"copyright\":\"Copyright (C) 2005 - 2014 Open Source Matters. All rights reserved.\",\"authorEmail\":\"admin@joomla.org\",\"authorUrl\":\"www.joomla.org\",\"version\":\"2.5.0\",\"description\":\"PLG_CACHE_XML_DESCRIPTION\",\"group\":\"\"}', '{\"browsercache\":\"0\",\"cachetime\":\"15\"}', '', '', '0', '0000-00-00 00:00:00', '9', '0'), ('425', 'plg_system_debug', 'plugin', 'debug', 'system', '0', '1', '1', '0', '{\"legacy\":false,\"name\":\"plg_system_debug\",\"type\":\"plugin\",\"creationDate\":\"December 2006\",\"author\":\"Joomla! Project\",\"copyright\":\"Copyright (C) 2005 - 2014 Open Source Matters. All rights reserved.\",\"authorEmail\":\"admin@joomla.org\",\"authorUrl\":\"www.joomla.org\",\"version\":\"2.5.0\",\"description\":\"PLG_DEBUG_XML_DESCRIPTION\",\"group\":\"\"}', '{\"profile\":\"1\",\"queries\":\"1\",\"memory\":\"1\",\"language_files\":\"1\",\"language_strings\":\"1\",\"strip-first\":\"1\",\"strip-prefix\":\"\",\"strip-suffix\":\"\"}', '', '', '0', '0000-00-00 00:00:00', '4', '0'), ('426', 'plg_system_log', 'plugin', 'log', 'system', '0', '1', '1', '1', '{\"legacy\":false,\"name\":\"plg_system_log\",\"type\":\"plugin\",\"creationDate\":\"April 2007\",\"author\":\"Joomla! Project\",\"copyright\":\"Copyright (C) 2005 - 2014 Open Source Matters. All rights reserved.\",\"authorEmail\":\"admin@joomla.org\",\"authorUrl\":\"www.joomla.org\",\"version\":\"2.5.0\",\"description\":\"PLG_LOG_XML_DESCRIPTION\",\"group\":\"\"}', '{}', '', '', '0', '0000-00-00 00:00:00', '5', '0'), ('427', 'plg_system_redirect', 'plugin', 'redirect', 'system', '0', '1', '1', '1', '{\"legacy\":false,\"name\":\"plg_system_redirect\",\"type\":\"plugin\",\"creationDate\":\"April 2009\",\"author\":\"Joomla! Project\",\"copyright\":\"Copyright (C) 2005 - 2014 Open Source Matters. All rights reserved.\",\"authorEmail\":\"admin@joomla.org\",\"authorUrl\":\"www.joomla.org\",\"version\":\"2.5.0\",\"description\":\"PLG_REDIRECT_XML_DESCRIPTION\",\"group\":\"\"}', '{}', '', '', '0', '0000-00-00 00:00:00', '6', '0'), ('428', 'plg_system_remember', 'plugin', 'remember', 'system', '0', '1', '1', '1', '{\"legacy\":false,\"name\":\"plg_system_remember\",\"type\":\"plugin\",\"creationDate\":\"April 2007\",\"author\":\"Joomla! Project\",\"copyright\":\"Copyright (C) 2005 - 2014 Open Source Matters. All rights reserved.\",\"authorEmail\":\"admin@joomla.org\",\"authorUrl\":\"www.joomla.org\",\"version\":\"2.5.0\",\"description\":\"PLG_REMEMBER_XML_DESCRIPTION\",\"group\":\"\"}', '{}', '', '', '0', '0000-00-00 00:00:00', '7', '0'), ('429', 'plg_system_sef', 'plugin', 'sef', 'system', '0', '1', '1', '0', '{\"legacy\":false,\"name\":\"plg_system_sef\",\"type\":\"plugin\",\"creationDate\":\"December 2007\",\"author\":\"Joomla! Project\",\"copyright\":\"Copyright (C) 2005 - 2014 Open Source Matters. All rights reserved.\",\"authorEmail\":\"admin@joomla.org\",\"authorUrl\":\"www.joomla.org\",\"version\":\"2.5.0\",\"description\":\"PLG_SEF_XML_DESCRIPTION\",\"group\":\"\"}', '{}', '', '', '0', '0000-00-00 00:00:00', '8', '0'), ('430', 'plg_system_logout', 'plugin', 'logout', 'system', '0', '1', '1', '1', '{\"legacy\":false,\"name\":\"plg_system_logout\",\"type\":\"plugin\",\"creationDate\":\"April 2009\",\"author\":\"Joomla! Project\",\"copyright\":\"Copyright (C) 2005 - 2014 Open Source Matters. All rights reserved.\",\"authorEmail\":\"admin@joomla.org\",\"authorUrl\":\"www.joomla.org\",\"version\":\"2.5.0\",\"description\":\"PLG_SYSTEM_LOGOUT_XML_DESCRIPTION\",\"group\":\"\"}', '{}', '', '', '0', '0000-00-00 00:00:00', '3', '0'), ('431', 'plg_user_contactcreator', 'plugin', 'contactcreator', 'user', '0', '0', '1', '1', '{\"legacy\":false,\"name\":\"plg_user_contactcreator\",\"type\":\"plugin\",\"creationDate\":\"August 2009\",\"author\":\"Joomla! Project\",\"copyright\":\"(C) 2005 - 2014 Open Source Matters. All rights reserved.\",\"authorEmail\":\"admin@joomla.org\",\"authorUrl\":\"www.joomla.org\",\"version\":\"2.5.0\",\"description\":\"PLG_CONTACTCREATOR_XML_DESCRIPTION\",\"group\":\"\"}', '{\"autowebpage\":\"\",\"category\":\"34\",\"autopublish\":\"0\"}', '', '', '0', '0000-00-00 00:00:00', '1', '0'), ('432', 'plg_user_joomla', 'plugin', 'joomla', 'user', '0', '1', '1', '0', '{\"legacy\":false,\"name\":\"plg_user_joomla\",\"type\":\"plugin\",\"creationDate\":\"December 2006\",\"author\":\"Joomla! Project\",\"copyright\":\"(C) 2005 - 2009 Open Source Matters. All rights reserved.\",\"authorEmail\":\"admin@joomla.org\",\"authorUrl\":\"www.joomla.org\",\"version\":\"2.5.0\",\"description\":\"PLG_USER_JOOMLA_XML_DESCRIPTION\",\"group\":\"\"}', '{\"autoregister\":\"1\"}', '', '', '0', '0000-00-00 00:00:00', '2', '0'), ('433', 'plg_user_profile', 'plugin', 'profile', 'user', '0', '0', '1', '1', '{\"legacy\":false,\"name\":\"plg_user_profile\",\"type\":\"plugin\",\"creationDate\":\"January 2008\",\"author\":\"Joomla! Project\",\"copyright\":\"(C) 2005 - 2014 Open Source Matters. All rights reserved.\",\"authorEmail\":\"admin@joomla.org\",\"authorUrl\":\"www.joomla.org\",\"version\":\"2.5.0\",\"description\":\"PLG_USER_PROFILE_XML_DESCRIPTION\",\"group\":\"\"}', '{\"register-require_address1\":\"1\",\"register-require_address2\":\"1\",\"register-require_city\":\"1\",\"register-require_region\":\"1\",\"register-require_country\":\"1\",\"register-require_postal_code\":\"1\",\"register-require_phone\":\"1\",\"register-require_website\":\"1\",\"register-require_favoritebook\":\"1\",\"register-require_aboutme\":\"1\",\"register-require_tos\":\"1\",\"register-require_dob\":\"1\",\"profile-require_address1\":\"1\",\"profile-require_address2\":\"1\",\"profile-require_city\":\"1\",\"profile-require_region\":\"1\",\"profile-require_country\":\"1\",\"profile-require_postal_code\":\"1\",\"profile-require_phone\":\"1\",\"profile-require_website\":\"1\",\"profile-require_favoritebook\":\"1\",\"profile-require_aboutme\":\"1\",\"profile-require_tos\":\"1\",\"profile-require_dob\":\"1\"}', '', '', '0', '0000-00-00 00:00:00', '0', '0'), ('434', 'plg_extension_joomla', 'plugin', 'joomla', 'extension', '0', '1', '1', '1', '{\"legacy\":false,\"name\":\"plg_extension_joomla\",\"type\":\"plugin\",\"creationDate\":\"May 2010\",\"author\":\"Joomla! Project\",\"copyright\":\"Copyright (C) 2005 - 2014 Open Source Matters. All rights reserved.\",\"authorEmail\":\"admin@joomla.org\",\"authorUrl\":\"www.joomla.org\",\"version\":\"2.5.0\",\"description\":\"PLG_EXTENSION_JOOMLA_XML_DESCRIPTION\",\"group\":\"\"}', '{}', '', '', '0', '0000-00-00 00:00:00', '1', '0'), ('435', 'plg_content_joomla', 'plugin', 'joomla', 'content', '0', '1', '1', '0', '{\"legacy\":false,\"name\":\"plg_content_joomla\",\"type\":\"plugin\",\"creationDate\":\"November 2010\",\"author\":\"Joomla! Project\",\"copyright\":\"Copyright (C) 2005 - 2014 Open Source Matters. All rights reserved.\",\"authorEmail\":\"admin@joomla.org\",\"authorUrl\":\"www.joomla.org\",\"version\":\"2.5.0\",\"description\":\"PLG_CONTENT_JOOMLA_XML_DESCRIPTION\",\"group\":\"\"}', '{}', '', '', '0', '0000-00-00 00:00:00', '0', '0'), ('436', 'plg_system_languagecode', 'plugin', 'languagecode', 'system', '0', '0', '1', '0', '{\"legacy\":false,\"name\":\"plg_system_languagecode\",\"type\":\"plugin\",\"creationDate\":\"November 2011\",\"author\":\"Joomla! Project\",\"copyright\":\"Copyright (C) 2005 - 2014 Open Source Matters. All rights reserved.\",\"authorEmail\":\"admin@joomla.org\",\"authorUrl\":\"www.joomla.org\",\"version\":\"2.5.0\",\"description\":\"PLG_SYSTEM_LANGUAGECODE_XML_DESCRIPTION\",\"group\":\"\"}', '{}', '', '', '0', '0000-00-00 00:00:00', '10', '0'), ('437', 'plg_quickicon_joomlaupdate', 'plugin', 'joomlaupdate', 'quickicon', '0', '1', '1', '1', '{\"legacy\":false,\"name\":\"plg_quickicon_joomlaupdate\",\"type\":\"plugin\",\"creationDate\":\"August 2011\",\"author\":\"Joomla! Project\",\"copyright\":\"Copyright (C) 2005 - 2014 Open Source Matters. All rights reserved.\",\"authorEmail\":\"admin@joomla.org\",\"authorUrl\":\"www.joomla.org\",\"version\":\"2.5.0\",\"description\":\"PLG_QUICKICON_JOOMLAUPDATE_XML_DESCRIPTION\",\"group\":\"\"}', '{}', '', '', '0', '0000-00-00 00:00:00', '0', '0'), ('438', 'plg_quickicon_extensionupdate', 'plugin', 'extensionupdate', 'quickicon', '0', '1', '1', '1', '{\"legacy\":false,\"name\":\"plg_quickicon_extensionupdate\",\"type\":\"plugin\",\"creationDate\":\"August 2011\",\"author\":\"Joomla! Project\",\"copyright\":\"Copyright (C) 2005 - 2014 Open Source Matters. All rights reserved.\",\"authorEmail\":\"admin@joomla.org\",\"authorUrl\":\"www.joomla.org\",\"version\":\"2.5.0\",\"description\":\"PLG_QUICKICON_EXTENSIONUPDATE_XML_DESCRIPTION\",\"group\":\"\"}', '{}', '', '', '0', '0000-00-00 00:00:00', '0', '0'), ('439', 'plg_captcha_recaptcha', 'plugin', 'recaptcha', 'captcha', '0', '0', '1', '0', '{\"legacy\":false,\"name\":\"plg_captcha_recaptcha\",\"type\":\"plugin\",\"creationDate\":\"December 2011\",\"author\":\"Joomla! Project\",\"copyright\":\"Copyright (C) 2005 - 2014 Open Source Matters. All rights reserved.\",\"authorEmail\":\"admin@joomla.org\",\"authorUrl\":\"www.joomla.org\",\"version\":\"2.5.0\",\"description\":\"PLG_CAPTCHA_RECAPTCHA_XML_DESCRIPTION\",\"group\":\"\"}', '{\"public_key\":\"\",\"private_key\":\"\",\"theme\":\"clean\"}', '', '', '0', '0000-00-00 00:00:00', '0', '0'), ('440', 'plg_system_highlight', 'plugin', 'highlight', 'system', '0', '1', '1', '0', '{\"legacy\":false,\"name\":\"plg_system_highlight\",\"type\":\"plugin\",\"creationDate\":\"August 2011\",\"author\":\"Joomla! Project\",\"copyright\":\"(C) 2005 - 2014 Open Source Matters. All rights reserved.\",\"authorEmail\":\"admin@joomla.org\",\"authorUrl\":\"www.joomla.org\",\"version\":\"2.5.0\",\"description\":\"PLG_SYSTEM_HIGHLIGHT_XML_DESCRIPTION\",\"group\":\"\"}', '{}', '', '', '0', '0000-00-00 00:00:00', '7', '0'), ('441', 'plg_content_finder', 'plugin', 'finder', 'content', '0', '0', '1', '0', '{\"legacy\":false,\"name\":\"plg_content_finder\",\"type\":\"plugin\",\"creationDate\":\"December 2011\",\"author\":\"Joomla! Project\",\"copyright\":\"Copyright (C) 2005 - 2014 Open Source Matters. All rights reserved.\",\"authorEmail\":\"admin@joomla.org\",\"authorUrl\":\"www.joomla.org\",\"version\":\"2.5.0\",\"description\":\"PLG_CONTENT_FINDER_XML_DESCRIPTION\",\"group\":\"\"}', '{}', '', '', '0', '0000-00-00 00:00:00', '0', '0'), ('442', 'plg_finder_categories', 'plugin', 'categories', 'finder', '0', '1', '1', '0', '{\"legacy\":false,\"name\":\"plg_finder_categories\",\"type\":\"plugin\",\"creationDate\":\"August 2011\",\"author\":\"Joomla! Project\",\"copyright\":\"(C) 2005 - 2014 Open Source Matters. All rights reserved.\",\"authorEmail\":\"admin@joomla.org\",\"authorUrl\":\"www.joomla.org\",\"version\":\"2.5.0\",\"description\":\"PLG_FINDER_CATEGORIES_XML_DESCRIPTION\",\"group\":\"\"}', '{}', '', '', '0', '0000-00-00 00:00:00', '1', '0'), ('443', 'plg_finder_contacts', 'plugin', 'contacts', 'finder', '0', '1', '1', '0', '{\"legacy\":false,\"name\":\"plg_finder_contacts\",\"type\":\"plugin\",\"creationDate\":\"August 2011\",\"author\":\"Joomla! Project\",\"copyright\":\"(C) 2005 - 2014 Open Source Matters. All rights reserved.\",\"authorEmail\":\"admin@joomla.org\",\"authorUrl\":\"www.joomla.org\",\"version\":\"2.5.0\",\"description\":\"PLG_FINDER_CONTACTS_XML_DESCRIPTION\",\"group\":\"\"}', '{}', '', '', '0', '0000-00-00 00:00:00', '2', '0'), ('444', 'plg_finder_content', 'plugin', 'content', 'finder', '0', '1', '1', '0', '{\"legacy\":false,\"name\":\"plg_finder_content\",\"type\":\"plugin\",\"creationDate\":\"August 2011\",\"author\":\"Joomla! Project\",\"copyright\":\"(C) 2005 - 2014 Open Source Matters. All rights reserved.\",\"authorEmail\":\"admin@joomla.org\",\"authorUrl\":\"www.joomla.org\",\"version\":\"2.5.0\",\"description\":\"PLG_FINDER_CONTENT_XML_DESCRIPTION\",\"group\":\"\"}', '{}', '', '', '0', '0000-00-00 00:00:00', '3', '0'), ('445', 'plg_finder_newsfeeds', 'plugin', 'newsfeeds', 'finder', '0', '1', '1', '0', '{\"legacy\":false,\"name\":\"plg_finder_newsfeeds\",\"type\":\"plugin\",\"creationDate\":\"August 2011\",\"author\":\"Joomla! Project\",\"copyright\":\"(C) 2005 - 2014 Open Source Matters. All rights reserved.\",\"authorEmail\":\"admin@joomla.org\",\"authorUrl\":\"www.joomla.org\",\"version\":\"2.5.0\",\"description\":\"PLG_FINDER_NEWSFEEDS_XML_DESCRIPTION\",\"group\":\"\"}', '{}', '', '', '0', '0000-00-00 00:00:00', '4', '0'), ('446', 'plg_finder_weblinks', 'plugin', 'weblinks', 'finder', '0', '1', '1', '0', '{\"legacy\":false,\"name\":\"plg_finder_weblinks\",\"type\":\"plugin\",\"creationDate\":\"August 2011\",\"author\":\"Joomla! Project\",\"copyright\":\"(C) 2005 - 2014 Open Source Matters. All rights reserved.\",\"authorEmail\":\"admin@joomla.org\",\"authorUrl\":\"www.joomla.org\",\"version\":\"2.5.0\",\"description\":\"PLG_FINDER_WEBLINKS_XML_DESCRIPTION\",\"group\":\"\"}', '{}', '', '', '0', '0000-00-00 00:00:00', '5', '0'), ('500', 'atomic', 'template', 'atomic', '', '0', '1', '1', '0', '{\"legacy\":false,\"name\":\"atomic\",\"type\":\"template\",\"creationDate\":\"10\\/10\\/09\",\"author\":\"Ron Severdia\",\"copyright\":\"Copyright (C) 2005 - 2014 Open Source Matters, Inc. All rights reserved.\",\"authorEmail\":\"contact@kontentdesign.com\",\"authorUrl\":\"http:\\/\\/www.kontentdesign.com\",\"version\":\"2.5.0\",\"description\":\"TPL_ATOMIC_XML_DESCRIPTION\",\"group\":\"\"}', '{}', '', '', '0', '0000-00-00 00:00:00', '0', '0'), ('502', 'bluestork', 'template', 'bluestork', '', '1', '1', '1', '0', '{\"legacy\":false,\"name\":\"bluestork\",\"type\":\"template\",\"creationDate\":\"07\\/02\\/09\",\"author\":\"Joomla! Project\",\"copyright\":\"Copyright (C) 2005 - 2014 Open Source Matters, Inc. All rights reserved.\",\"authorEmail\":\"admin@joomla.org\",\"authorUrl\":\"www.joomla.org\",\"version\":\"2.5.0\",\"description\":\"TPL_BLUESTORK_XML_DESCRIPTION\",\"group\":\"\"}', '{\"useRoundedCorners\":\"1\",\"showSiteName\":\"0\",\"textBig\":\"0\",\"highContrast\":\"0\"}', '', '', '0', '0000-00-00 00:00:00', '0', '0'), ('503', 'beez_20', 'template', 'beez_20', '', '0', '1', '1', '0', '{\"legacy\":false,\"name\":\"beez_20\",\"type\":\"template\",\"creationDate\":\"25 November 2009\",\"author\":\"Angie Radtke\",\"copyright\":\"Copyright (C) 2005 - 2014 Open Source Matters, Inc. All rights reserved.\",\"authorEmail\":\"a.radtke@derauftritt.de\",\"authorUrl\":\"http:\\/\\/www.der-auftritt.de\",\"version\":\"2.5.0\",\"description\":\"TPL_BEEZ2_XML_DESCRIPTION\",\"group\":\"\"}', '{\"wrapperSmall\":\"53\",\"wrapperLarge\":\"72\",\"sitetitle\":\"\",\"sitedescription\":\"\",\"navposition\":\"center\",\"templatecolor\":\"nature\"}', '', '', '0', '0000-00-00 00:00:00', '0', '0'), ('504', 'hathor', 'template', 'hathor', '', '1', '1', '1', '0', '{\"legacy\":false,\"name\":\"hathor\",\"type\":\"template\",\"creationDate\":\"May 2010\",\"author\":\"Andrea Tarr\",\"copyright\":\"Copyright (C) 2005 - 2014 Open Source Matters, Inc. All rights reserved.\",\"authorEmail\":\"hathor@tarrconsulting.com\",\"authorUrl\":\"http:\\/\\/www.tarrconsulting.com\",\"version\":\"2.5.0\",\"description\":\"TPL_HATHOR_XML_DESCRIPTION\",\"group\":\"\"}', '{\"showSiteName\":\"0\",\"colourChoice\":\"0\",\"boldText\":\"0\"}', '', '', '0', '0000-00-00 00:00:00', '0', '0'), ('505', 'beez5', 'template', 'beez5', '', '0', '1', '1', '0', '{\"legacy\":false,\"name\":\"beez5\",\"type\":\"template\",\"creationDate\":\"21 May 2010\",\"author\":\"Angie Radtke\",\"copyright\":\"Copyright (C) 2005 - 2014 Open Source Matters, Inc. All rights reserved.\",\"authorEmail\":\"a.radtke@derauftritt.de\",\"authorUrl\":\"http:\\/\\/www.der-auftritt.de\",\"version\":\"2.5.0\",\"description\":\"TPL_BEEZ5_XML_DESCRIPTION\",\"group\":\"\"}', '{\"wrapperSmall\":\"53\",\"wrapperLarge\":\"72\",\"sitetitle\":\"\",\"sitedescription\":\"\",\"navposition\":\"center\",\"html5\":\"0\"}', '', '', '0', '0000-00-00 00:00:00', '0', '0'), ('600', 'English (United Kingdom)', 'language', 'en-GB', '', '0', '1', '1', '1', '{\"legacy\":false,\"name\":\"English (United Kingdom)\",\"type\":\"language\",\"creationDate\":\"2008-03-15\",\"author\":\"Joomla! Project\",\"copyright\":\"Copyright (C) 2005 - 2014 Open Source Matters. All rights reserved.\",\"authorEmail\":\"admin@joomla.org\",\"authorUrl\":\"www.joomla.org\",\"version\":\"2.5.19\",\"description\":\"en-GB site language\",\"group\":\"\"}', '', '', '', '0', '0000-00-00 00:00:00', '0', '0'), ('601', 'English (United Kingdom)', 'language', 'en-GB', '', '1', '1', '1', '1', '{\"legacy\":false,\"name\":\"English (United Kingdom)\",\"type\":\"language\",\"creationDate\":\"2008-03-15\",\"author\":\"Joomla! Project\",\"copyright\":\"Copyright (C) 2005 - 2014 Open Source Matters. All rights reserved.\",\"authorEmail\":\"admin@joomla.org\",\"authorUrl\":\"www.joomla.org\",\"version\":\"2.5.19\",\"description\":\"en-GB administrator language\",\"group\":\"\"}', '', '', '', '0', '0000-00-00 00:00:00', '0', '0'), ('602', 'Russian', 'language', 'ru-RU', '', '0', '1', '0', '0', '{\"legacy\":false,\"name\":\"Russian\",\"type\":\"language\",\"creationDate\":\"2013-12-20\",\"author\":\"Russian Translation Team\",\"copyright\":\"Copyright (C) 2005 - 2013 Open Source Matters. All rights reserved\",\"authorEmail\":\"smart@joomlaportal.ru\",\"authorUrl\":\"www.joomlaportal.ru\",\"version\":\"2.5.17.1\",\"description\":\"Russian language pack (site) for Joomla! 2.5\",\"group\":\"\"}', '', '', '', '0', '0000-00-00 00:00:00', '0', '0'), ('603', 'Russian', 'language', 'ru-RU', '', '1', '1', '0', '0', '{\"legacy\":false,\"name\":\"Russian\",\"type\":\"language\",\"creationDate\":\"2013-12-20\",\"author\":\"Russian Translation Team\",\"copyright\":\"Copyright (C) 2005 - 2013 Open Source Matters. All rights reserved\",\"authorEmail\":\"smart@joomlaportal.ru\",\"authorUrl\":\"www.joomlaportal.ru\",\"version\":\"2.5.17.1\",\"description\":\"Russian language pack (administrator) for Joomla! 2.5\",\"group\":\"\"}', '', '', '', '0', '0000-00-00 00:00:00', '0', '0'), ('700', 'files_joomla', 'file', 'joomla', '', '0', '1', '1', '1', '{\"legacy\":false,\"name\":\"files_joomla\",\"type\":\"file\",\"creationDate\":\"June 2014\",\"author\":\"Joomla! Project\",\"copyright\":\"(C) 2005 - 2014 Open Source Matters. All rights reserved\",\"authorEmail\":\"admin@joomla.org\",\"authorUrl\":\"www.joomla.org\",\"version\":\"2.5.22\",\"description\":\"FILES_JOOMLA_XML_DESCRIPTION\",\"group\":\"\"}', '', '', '', '0', '0000-00-00 00:00:00', '0', '0'), ('800', 'PKG_JOOMLA', 'package', 'pkg_joomla', '', '0', '1', '1', '1', '{\"legacy\":false,\"name\":\"PKG_JOOMLA\",\"type\":\"package\",\"creationDate\":\"2006\",\"author\":\"Joomla! Project\",\"copyright\":\"Copyright (C) 2005 - 2014 Open Source Matters. All rights reserved.\",\"authorEmail\":\"admin@joomla.org\",\"authorUrl\":\"http:\\/\\/www.joomla.org\",\"version\":\"2.5.0\",\"description\":\"PKG_JOOMLA_XML_DESCRIPTION\",\"group\":\"\"}', '', '', '', '0', '0000-00-00 00:00:00', '0', '0'), ('10000', 'com_zoo', 'component', 'com_zoo', '', '1', '1', '0', '0', '{\"legacy\":false,\"name\":\"com_zoo\",\"type\":\"component\",\"creationDate\":\"March 2014\",\"author\":\"YOOtheme\",\"copyright\":\"Copyright (C) YOOtheme GmbH\",\"authorEmail\":\"info@yootheme.com\",\"authorUrl\":\"http:\\/\\/www.yootheme.com\",\"version\":\"3.1.6\",\"description\":\"ZOO component for Joomla 2.5+ developed by YOOtheme (http:\\/\\/www.yootheme.com)\",\"group\":\"\"}', '{}', '', '', '0', '0000-00-00 00:00:00', '0', '0'), ('10001', 'ZOO Category', 'module', 'mod_zoocategory', '', '0', '1', '0', '0', '{\"legacy\":false,\"name\":\"ZOO Category\",\"type\":\"module\",\"creationDate\":\"October 2012\",\"author\":\"YOOtheme\",\"copyright\":\"Copyright (C) YOOtheme GmbH\",\"authorEmail\":\"info@yootheme.com\",\"authorUrl\":\"http:\\/\\/www.yootheme.com\",\"version\":\"3.0.0\",\"description\":\"Category module for ZOO developed by YOOtheme (http:\\/\\/www.yootheme.com)\",\"group\":\"\"}', '{\"theme\":\"\",\"application\":\"\",\"depth\":\"0\",\"add_count\":\"0\",\"menu_item\":\"\",\"moduleclass_sfx\":\"\"}', '', '', '0', '0000-00-00 00:00:00', '0', '0'), ('10002', 'ZOO Comment', 'module', 'mod_zoocomment', '', '0', '1', '0', '0', '{\"legacy\":false,\"name\":\"ZOO Comment\",\"type\":\"module\",\"creationDate\":\"October 2012\",\"author\":\"YOOtheme\",\"copyright\":\"Copyright (C) YOOtheme GmbH\",\"authorEmail\":\"info@yootheme.com\",\"authorUrl\":\"http:\\/\\/www.yootheme.com\",\"version\":\"3.0.0\",\"description\":\"Comment module for ZOO developed by YOOtheme (http:\\/\\/www.yootheme.com)\",\"group\":\"\"}', '{\"theme\":\"\",\"application\":\"\",\"subcategories\":\"0\",\"count\":\"10\",\"show_avatar\":\"1\",\"avatar_size\":\"40\",\"show_author\":\"1\",\"show_meta\":\"1\",\"moduleclass_sfx\":\"\"}', '', '', '0', '0000-00-00 00:00:00', '0', '0'), ('10003', 'ZOO Item', 'module', 'mod_zooitem', '', '0', '1', '0', '0', '{\"legacy\":false,\"name\":\"ZOO Item\",\"type\":\"module\",\"creationDate\":\"October 2012\",\"author\":\"YOOtheme\",\"copyright\":\"Copyright (C) YOOtheme GmbH\",\"authorEmail\":\"info@yootheme.com\",\"authorUrl\":\"http:\\/\\/www.yootheme.com\",\"version\":\"3.0.1\",\"description\":\"Item module for ZOO developed by YOOtheme (http:\\/\\/www.yootheme.com)\",\"group\":\"\"}', '{\"theme\":\"\",\"layout\":\"\",\"media_position\":\"left\",\"application\":\"\",\"subcategories\":\"0\",\"count\":\"4\",\"order\":\"_itemname\",\"moduleclass_sfx\":\"\"}', '', '', '0', '0000-00-00 00:00:00', '0', '0'), ('10004', 'ZOO Quick Icons', 'module', 'mod_zooquickicon', '', '1', '1', '2', '0', '{\"legacy\":false,\"name\":\"ZOO Quick Icons\",\"type\":\"module\",\"creationDate\":\"October 2012\",\"author\":\"YOOtheme\",\"copyright\":\"Copyright (C) YOOtheme GmbH\",\"authorEmail\":\"info@yootheme.com\",\"authorUrl\":\"http:\\/\\/www.yootheme.com\",\"version\":\"3.0.0\",\"description\":\"Quick Icons module for ZOO developed by YOOtheme (http:\\/\\/www.yootheme.com)\",\"group\":\"\"}', '{}', '', '', '0', '0000-00-00 00:00:00', '3', '0'), ('10005', 'ZOO Tag', 'module', 'mod_zootag', '', '0', '1', '0', '0', '{\"legacy\":false,\"name\":\"ZOO Tag\",\"type\":\"module\",\"creationDate\":\"October 2012\",\"author\":\"YOOtheme\",\"copyright\":\"Copyright (C) YOOtheme GmbH\",\"authorEmail\":\"info@yootheme.com\",\"authorUrl\":\"http:\\/\\/www.yootheme.com\",\"version\":\"3.0.0\",\"description\":\"Tag module for ZOO developed by YOOtheme (http:\\/\\/www.yootheme.com)\",\"group\":\"\"}', '{\"theme\":\"\",\"application\":\"\",\"subcategories\":\"0\",\"count\":\"10\",\"order\":\"alpha\",\"menu_item\":\"\",\"moduleclass_sfx\":\"\"}', '', '', '0', '0000-00-00 00:00:00', '0', '0'), ('10006', 'Content - ZOO Shortcode', 'plugin', 'zooshortcode', 'content', '0', '1', '1', '0', '{\"legacy\":false,\"name\":\"Content - ZOO Shortcode\",\"type\":\"plugin\",\"creationDate\":\"October 2012\",\"author\":\"YOOtheme\",\"copyright\":\"Copyright (C) YOOtheme GmbH\",\"authorEmail\":\"info@yootheme.com\",\"authorUrl\":\"http:\\/\\/www.yootheme.com\",\"version\":\"3.0.0\",\"description\":\"Shortcode plugin for ZOO developed by YOOtheme (http:\\/\\/www.yootheme.com) Usage: {zooitem OR zoocategory: ID OR alias} Optionally: {zooitem: ID text: MYTEXT}\",\"group\":\"\"}', '{}', '', '', '0', '0000-00-00 00:00:00', '0', '0'), ('10007', 'Smart Search - ZOO', 'plugin', 'zoosmartsearch', 'finder', '0', '1', '1', '0', '{\"legacy\":false,\"name\":\"Smart Search - ZOO\",\"type\":\"plugin\",\"creationDate\":\"Febuary 2012\",\"author\":\"YOOtheme\",\"copyright\":\"Copyright (C) YOOtheme GmbH\",\"authorEmail\":\"info@yootheme.com\",\"authorUrl\":\"http:\\/\\/www.yootheme.com\",\"version\":\"2.5.0\",\"description\":\"Smart Search plugin for ZOO developed by YOOtheme (http:\\/\\/www.yootheme.com)\",\"group\":\"\"}', '{}', '', '', '0', '0000-00-00 00:00:00', '0', '0'), ('10008', 'Search - ZOO', 'plugin', 'zoosearch', 'search', '0', '1', '1', '0', '{\"legacy\":false,\"name\":\"Search - ZOO\",\"type\":\"plugin\",\"creationDate\":\"October 2012\",\"author\":\"YOOtheme\",\"copyright\":\"Copyright (C) YOOtheme GmbH\",\"authorEmail\":\"info@yootheme.com\",\"authorUrl\":\"http:\\/\\/www.yootheme.com\",\"version\":\"3.0.0\",\"description\":\"Search plugin for ZOO developed by YOOtheme (http:\\/\\/www.yootheme.com)\",\"group\":\"\"}', '{\"search_fulltext\":\"0\",\"search_limit\":\"50\"}', '', '', '0', '0000-00-00 00:00:00', '0', '0'), ('10009', 'System - ZOO Event', 'plugin', 'zooevent', 'system', '0', '1', '1', '0', '{\"legacy\":false,\"name\":\"System - ZOO Event\",\"type\":\"plugin\",\"creationDate\":\"October 2012\",\"author\":\"YOOtheme\",\"copyright\":\"Copyright (C) YOOtheme GmbH\",\"authorEmail\":\"info@yootheme.com\",\"authorUrl\":\"http:\\/\\/www.yootheme.com\",\"version\":\"3.0.0\",\"description\":\"Event plugin for ZOO developed by YOOtheme (http:\\/\\/www.yootheme.com)\",\"group\":\"\"}', '{}', '', '', '0', '0000-00-00 00:00:00', '0', '0'), ('10010', 'zoo', 'package', 'pkg_zoo', '', '0', '1', '1', '0', '{\"legacy\":false,\"name\":\"ZOO Package\",\"type\":\"package\",\"creationDate\":\"March 2014\",\"author\":\"YOOtheme\",\"copyright\":\"Copyright (C) YOOtheme GmbH\",\"authorEmail\":\"info@yootheme.com\",\"authorUrl\":\"http:\\/\\/www.yootheme.com\",\"version\":\"3.1.6\",\"description\":\"ZOO component and extensions for Joomla 2.5+ developed by YOOtheme (http:\\/\\/www.yootheme.com)\",\"group\":\"\"}', '{}', '', '', '0', '0000-00-00 00:00:00', '0', '0'), ('10011', 'System - JBZoo (events)', 'plugin', 'jbzoo', 'system', '0', '1', '1', '0', '{\"legacy\":false,\"name\":\"System - JBZoo (events)\",\"type\":\"plugin\",\"creationDate\":\"2013 01\",\"author\":\"Joomla-book.ru\",\"copyright\":\"Joomla-book.ru\",\"authorEmail\":\"admin@joomla-book.ru\",\"authorUrl\":\"http:\\/\\/joomla-book.ru\",\"version\":\"1.6.0\",\"description\":\"Event plugin for JBZoo by Joomla-book.ru\",\"group\":\"\"}', '{}', '', '', '0', '0000-00-00 00:00:00', '0', '0'), ('10012', 'printsolution', 'template', 'printsolution', '', '0', '1', '1', '0', '{\"legacy\":false,\"name\":\"printsolution\",\"type\":\"template\",\"creationDate\":\"24-09-2013\",\"author\":\"printsolution\",\"copyright\":\"Copyright (C) 2013\",\"authorEmail\":\"asd@asd.ru\",\"authorUrl\":\"\",\"version\":\"1.0\",\"description\":\"printsolution\",\"group\":\"\"}', '{}', '', '', '0', '0000-00-00 00:00:00', '0', '0'), ('10013', 'Fox Contact', 'module', 'mod_foxcontact', '', '0', '1', '0', '0', '{\"legacy\":false,\"name\":\"Fox Contact\",\"type\":\"module\",\"creationDate\":\"Unknown\",\"author\":\"Demis Palma\",\"copyright\":\"Demis Palma\",\"authorEmail\":\"demis@fox.ra.it\",\"authorUrl\":\"http:\\/\\/www.fox.ra.it\\/\",\"version\":\"2.0.19\",\"description\":\"MOD_FOXCONTACT_DESCRIPTION\",\"group\":\"\"}', '{\"form_width\":\"100\",\"form_unit\":\"%\",\"customhtml0display\":\"1\",\"customhtml0order\":\"-1000\",\"customhtml1display\":\"1\",\"customhtml1order\":\"1000\",\"labelsdisplay\":\"0\",\"labelswidth\":\"230\",\"labelsunit\":\"px\",\"sender0display\":\"2\",\"sender0order\":\"5\",\"sender1display\":\"2\",\"sender1order\":\"10\",\"sender1isemail\":\"1\",\"senderwidth\":\"85\",\"senderunit\":\"%\",\"text0display\":\"1\",\"text0order\":\"15\",\"text1display\":\"0\",\"text1order\":\"20\",\"text2display\":\"0\",\"text2order\":\"25\",\"text3display\":\"0\",\"text3order\":\"30\",\"text4display\":\"0\",\"text4order\":\"35\",\"text5display\":\"0\",\"text5order\":\"40\",\"text6display\":\"0\",\"text6order\":\"45\",\"text7display\":\"0\",\"text7order\":\"50\",\"text8display\":\"0\",\"text8order\":\"55\",\"text9display\":\"0\",\"text9order\":\"60\",\"textwidth\":\"85\",\"textunit\":\"%\",\"dropdown0display\":\"1\",\"dropdown0order\":\"65\",\"dropdown1display\":\"0\",\"dropdown1order\":\"70\",\"dropdown2display\":\"0\",\"dropdown2order\":\"75\",\"dropdownwidth\":\"85\",\"dropdownunit\":\"%\",\"textarea0display\":\"1\",\"textarea0order\":\"80\",\"textarea1display\":\"0\",\"textarea1order\":\"85\",\"textarea2display\":\"0\",\"textarea2order\":\"90\",\"textareawidth\":\"85\",\"textareaheight\":\"180\",\"textareaunit\":\"%\",\"checkbox0display\":\"1\",\"checkbox0order\":\"95\",\"checkbox1display\":\"0\",\"checkbox1order\":\"100\",\"checkbox2display\":\"0\",\"checkbox2order\":\"105\",\"checkbox3display\":\"0\",\"checkbox3order\":\"110\",\"checkbox4display\":\"0\",\"checkbox4order\":\"115\",\"uploaddisplay\":\"0\",\"uploadmethod\":\"1\",\"uploadmax_file_size\":\"10000\",\"upload_filter\":\"1\",\"upload_audio\":\"0\",\"upload_video\":\"0\",\"upload_images\":\"1\",\"upload_documents\":\"1\",\"upload_archives\":\"1\",\"submittype\":\"0\",\"submiticon\":\"\",\"resetbutton\":\"0\",\"resettype\":\"0\",\"reseticon\":\"\",\"email_sent_action\":\"0\",\"email_sent_textdisplay\":\"1\",\"copy_to_submitter\":\"1\",\"email_copy_summary\":\"0\",\"spam_check\":\"1\",\"spam_detected_textdisplay\":\"1\",\"stdcaptchadisplay\":\"0\",\"stdcaptchatype\":\"0\",\"stdcaptcha_length\":\"5\",\"stdcaptchawidth\":\"150\",\"stdcaptchaheight\":\"75\",\"stdcaptchafont\":\"\",\"stdcaptchafontmin\":\"14\",\"stdcaptchafontmax\":\"20\",\"stdcaptchaangle\":\"20\",\"stdcaptcha_backgroundcolor\":\"#ffffff\",\"stdcaptcha_textcolor\":\"#191919\",\"stdcaptcha_disturbcolor\":\"#c8c8c8\",\"stylesheet\":\"neon.css\",\"acymailing\":\"0\",\"acymailing_checkboxes\":\"hidden|hidden\",\"acymailing_auto_checked\":\"0\",\"jnews\":\"0\",\"jnews_checkboxes\":\"hidden|hidden\",\"jnews_auto_checked\":\"0\",\"othernewsletters\":\"1\"}', '', '', '0', '0000-00-00 00:00:00', '0', '0'), ('10014', 'com_foxcontact', 'component', 'com_foxcontact', '', '1', '1', '0', '0', '{\"legacy\":false,\"name\":\"COM_FOXCONTACT\",\"type\":\"component\",\"creationDate\":\"Unknown\",\"author\":\"Demis Palma\",\"copyright\":\"Demis Palma\",\"authorEmail\":\"demis@fox.ra.it\",\"authorUrl\":\"http:\\/\\/www.fox.ra.it\\/\",\"version\":\"2.0.19\",\"description\":\"COM_FOXCONTACT_DESCRIPTION\",\"group\":\"\"}', '{\"adminemailfrom\":{\"select\":\"admin\"},\"adminemailreplyto\":{\"select\":\"submitter\"},\"submitteremailfrom\":{\"select\":\"admin\"},\"submitteremailreplyto\":{\"select\":\"admin\"}}', '', '', '0', '0000-00-00 00:00:00', '0', '0'), ('10015', 'akeeba', 'component', 'com_akeeba', '', '1', '1', '0', '0', '{\"legacy\":false,\"name\":\"Akeeba\",\"type\":\"component\",\"creationDate\":\"2014-06-12\",\"author\":\"Nicholas K. Dionysopoulos\",\"copyright\":\"Copyright (c)2006-2012 Nicholas K. Dionysopoulos\",\"authorEmail\":\"nicholas@dionysopoulos.me\",\"authorUrl\":\"http:\\/\\/www.akeebabackup.com\",\"version\":\"3.11.2\",\"description\":\"Akeeba Backup Core - Full Joomla! site backup solution, Core Edition.\",\"group\":\"\"}', '{\"siteurl\":\"http:\\/\\/localhost\\/printondemandsolution\\/\",\"jlibrariesdir\":\"Z:\\/home\\/localhost\\/www\\/printondemandsolution\\/libraries\",\"jversion\":\"1.6\",\"lastversion\":\"3.11.2\",\"acceptlicense\":true,\"acceptsupport\":true,\"acceptbackuptest\":true,\"angieupgrade\":1}', '', '', '0', '0000-00-00 00:00:00', '0', '0'), ('10016', 'F0F (NEW) DO NOT REMOVE', 'library', 'lib_f0f', '', '0', '1', '1', '0', '{\"legacy\":false,\"name\":\"F0F (NEW) DO NOT REMOVE\",\"type\":\"library\",\"creationDate\":\"2014-06-10 09:42:10\",\"author\":\"Nicholas K. Dionysopoulos \\/ Akeeba Ltd\",\"copyright\":\"(C)2011-2014 Nicholas K. Dionysopoulos\",\"authorEmail\":\"nicholas@akeebabackup.com\",\"authorUrl\":\"https:\\/\\/www.akeebabackup.com\",\"version\":\"2.3.1\",\"description\":\"Framework-on-Framework (FOF) newer version - DO NOT REMOVE - The rapid component development framework for Joomla!. This package is the newer version of FOF, not the one shipped with Joomla! as the official Joomla! RAD Layer. The Joomla! RAD Layer has ceased development in March 2014. DO NOT UNINSTALL THIS PACKAGE, IT IS *** N O T *** A DUPLICATE OF THE \'FOF\' PACKAGE. REMOVING EITHER FOF PACKAGE WILL BREAK YOUR SITE.\",\"group\":\"\"}', '{}', '', '', '0', '0000-00-00 00:00:00', '0', '0'), ('10017', 'AkeebaStrapper', 'file', 'files_strapper', '', '0', '1', '0', '0', '{\"legacy\":false,\"name\":\"AkeebaStrapper\",\"type\":\"file\",\"creationDate\":\"2014-06-10 09:42:10\",\"author\":\"Nicholas K. Dionysopoulos\",\"copyright\":\"(C) 2012-2013 Akeeba Ltd.\",\"authorEmail\":\"nicholas@dionysopoulos.me\",\"authorUrl\":\"https:\\/\\/www.akeebabackup.com\",\"version\":\"2.3.1\",\"description\":\"Namespaced jQuery, jQuery UI and Bootstrap for Akeeba products.\",\"group\":\"\"}', '', '', '', '0', '0000-00-00 00:00:00', '0', '0');
DROP TABLE IF EXISTS `sdc98_finder_filters`;
CREATE TABLE `sdc98_finder_filters` (   `filter_id` int(10) unsigned NOT NULL AUTO_INCREMENT,   `title` varchar(255) NOT NULL,   `alias` varchar(255) NOT NULL,   `state` tinyint(1) NOT NULL DEFAULT '1',   `created` datetime NOT NULL DEFAULT '0000-00-00 00:00:00',   `created_by` int(10) unsigned NOT NULL,   `created_by_alias` varchar(255) NOT NULL,   `modified` datetime NOT NULL DEFAULT '0000-00-00 00:00:00',   `modified_by` int(10) unsigned NOT NULL DEFAULT '0',   `checked_out` int(10) unsigned NOT NULL DEFAULT '0',   `checked_out_time` datetime NOT NULL DEFAULT '0000-00-00 00:00:00',   `map_count` int(10) unsigned NOT NULL DEFAULT '0',   `data` text NOT NULL,   `params` mediumtext,   PRIMARY KEY (`filter_id`) ) ENGINE=InnoDB DEFAULT CHARSET=utf8;
DROP TABLE IF EXISTS `sdc98_finder_links`;
CREATE TABLE `sdc98_finder_links` (   `link_id` int(10) unsigned NOT NULL AUTO_INCREMENT,   `url` varchar(255) NOT NULL,   `route` varchar(255) NOT NULL,   `title` varchar(255) DEFAULT NULL,   `description` varchar(255) DEFAULT NULL,   `indexdate` datetime NOT NULL DEFAULT '0000-00-00 00:00:00',   `md5sum` varchar(32) DEFAULT NULL,   `published` tinyint(1) NOT NULL DEFAULT '1',   `state` int(5) DEFAULT '1',   `access` int(5) DEFAULT '0',   `language` varchar(8) NOT NULL,   `publish_start_date` datetime NOT NULL DEFAULT '0000-00-00 00:00:00',   `publish_end_date` datetime NOT NULL DEFAULT '0000-00-00 00:00:00',   `start_date` datetime NOT NULL DEFAULT '0000-00-00 00:00:00',   `end_date` datetime NOT NULL DEFAULT '0000-00-00 00:00:00',   `list_price` double unsigned NOT NULL DEFAULT '0',   `sale_price` double unsigned NOT NULL DEFAULT '0',   `type_id` int(11) NOT NULL,   `object` mediumblob NOT NULL,   PRIMARY KEY (`link_id`),   KEY `idx_type` (`type_id`),   KEY `idx_title` (`title`),   KEY `idx_md5` (`md5sum`),   KEY `idx_url` (`url`(75)),   KEY `idx_published_list` (`published`,`state`,`access`,`publish_start_date`,`publish_end_date`,`list_price`),   KEY `idx_published_sale` (`published`,`state`,`access`,`publish_start_date`,`publish_end_date`,`sale_price`) ) ENGINE=InnoDB AUTO_INCREMENT=14 DEFAULT CHARSET=utf8;
DROP TABLE IF EXISTS `sdc98_finder_links_terms0`;
CREATE TABLE `sdc98_finder_links_terms0` (   `link_id` int(10) unsigned NOT NULL,   `term_id` int(10) unsigned NOT NULL,   `weight` float unsigned NOT NULL,   PRIMARY KEY (`link_id`,`term_id`),   KEY `idx_term_weight` (`term_id`,`weight`),   KEY `idx_link_term_weight` (`link_id`,`term_id`,`weight`) ) ENGINE=InnoDB DEFAULT CHARSET=utf8;
DROP TABLE IF EXISTS `sdc98_finder_links_terms1`;
CREATE TABLE `sdc98_finder_links_terms1` (   `link_id` int(10) unsigned NOT NULL,   `term_id` int(10) unsigned NOT NULL,   `weight` float unsigned NOT NULL,   PRIMARY KEY (`link_id`,`term_id`),   KEY `idx_term_weight` (`term_id`,`weight`),   KEY `idx_link_term_weight` (`link_id`,`term_id`,`weight`) ) ENGINE=InnoDB DEFAULT CHARSET=utf8;
DROP TABLE IF EXISTS `sdc98_finder_links_terms2`;
CREATE TABLE `sdc98_finder_links_terms2` (   `link_id` int(10) unsigned NOT NULL,   `term_id` int(10) unsigned NOT NULL,   `weight` float unsigned NOT NULL,   PRIMARY KEY (`link_id`,`term_id`),   KEY `idx_term_weight` (`term_id`,`weight`),   KEY `idx_link_term_weight` (`link_id`,`term_id`,`weight`) ) ENGINE=InnoDB DEFAULT CHARSET=utf8;
DROP TABLE IF EXISTS `sdc98_finder_links_terms3`;
CREATE TABLE `sdc98_finder_links_terms3` (   `link_id` int(10) unsigned NOT NULL,   `term_id` int(10) unsigned NOT NULL,   `weight` float unsigned NOT NULL,   PRIMARY KEY (`link_id`,`term_id`),   KEY `idx_term_weight` (`term_id`,`weight`),   KEY `idx_link_term_weight` (`link_id`,`term_id`,`weight`) ) ENGINE=InnoDB DEFAULT CHARSET=utf8;
DROP TABLE IF EXISTS `sdc98_finder_links_terms4`;
CREATE TABLE `sdc98_finder_links_terms4` (   `link_id` int(10) unsigned NOT NULL,   `term_id` int(10) unsigned NOT NULL,   `weight` float unsigned NOT NULL,   PRIMARY KEY (`link_id`,`term_id`),   KEY `idx_term_weight` (`term_id`,`weight`),   KEY `idx_link_term_weight` (`link_id`,`term_id`,`weight`) ) ENGINE=InnoDB DEFAULT CHARSET=utf8;
DROP TABLE IF EXISTS `sdc98_finder_links_terms5`;
CREATE TABLE `sdc98_finder_links_terms5` (   `link_id` int(10) unsigned NOT NULL,   `term_id` int(10) unsigned NOT NULL,   `weight` float unsigned NOT NULL,   PRIMARY KEY (`link_id`,`term_id`),   KEY `idx_term_weight` (`term_id`,`weight`),   KEY `idx_link_term_weight` (`link_id`,`term_id`,`weight`) ) ENGINE=InnoDB DEFAULT CHARSET=utf8;
DROP TABLE IF EXISTS `sdc98_finder_links_terms6`;
CREATE TABLE `sdc98_finder_links_terms6` (   `link_id` int(10) unsigned NOT NULL,   `term_id` int(10) unsigned NOT NULL,   `weight` float unsigned NOT NULL,   PRIMARY KEY (`link_id`,`term_id`),   KEY `idx_term_weight` (`term_id`,`weight`),   KEY `idx_link_term_weight` (`link_id`,`term_id`,`weight`) ) ENGINE=InnoDB DEFAULT CHARSET=utf8;
DROP TABLE IF EXISTS `sdc98_finder_links_terms7`;
CREATE TABLE `sdc98_finder_links_terms7` (   `link_id` int(10) unsigned NOT NULL,   `term_id` int(10) unsigned NOT NULL,   `weight` float unsigned NOT NULL,   PRIMARY KEY (`link_id`,`term_id`),   KEY `idx_term_weight` (`term_id`,`weight`),   KEY `idx_link_term_weight` (`link_id`,`term_id`,`weight`) ) ENGINE=InnoDB DEFAULT CHARSET=utf8;
DROP TABLE IF EXISTS `sdc98_finder_links_terms8`;
CREATE TABLE `sdc98_finder_links_terms8` (   `link_id` int(10) unsigned NOT NULL,   `term_id` int(10) unsigned NOT NULL,   `weight` float unsigned NOT NULL,   PRIMARY KEY (`link_id`,`term_id`),   KEY `idx_term_weight` (`term_id`,`weight`),   KEY `idx_link_term_weight` (`link_id`,`term_id`,`weight`) ) ENGINE=InnoDB DEFAULT CHARSET=utf8;
DROP TABLE IF EXISTS `sdc98_finder_links_terms9`;
CREATE TABLE `sdc98_finder_links_terms9` (   `link_id` int(10) unsigned NOT NULL,   `term_id` int(10) unsigned NOT NULL,   `weight` float unsigned NOT NULL,   PRIMARY KEY (`link_id`,`term_id`),   KEY `idx_term_weight` (`term_id`,`weight`),   KEY `idx_link_term_weight` (`link_id`,`term_id`,`weight`) ) ENGINE=InnoDB DEFAULT CHARSET=utf8;
DROP TABLE IF EXISTS `sdc98_finder_links_termsa`;
CREATE TABLE `sdc98_finder_links_termsa` (   `link_id` int(10) unsigned NOT NULL,   `term_id` int(10) unsigned NOT NULL,   `weight` float unsigned NOT NULL,   PRIMARY KEY (`link_id`,`term_id`),   KEY `idx_term_weight` (`term_id`,`weight`),   KEY `idx_link_term_weight` (`link_id`,`term_id`,`weight`) ) ENGINE=InnoDB DEFAULT CHARSET=utf8;
DROP TABLE IF EXISTS `sdc98_finder_links_termsb`;
CREATE TABLE `sdc98_finder_links_termsb` (   `link_id` int(10) unsigned NOT NULL,   `term_id` int(10) unsigned NOT NULL,   `weight` float unsigned NOT NULL,   PRIMARY KEY (`link_id`,`term_id`),   KEY `idx_term_weight` (`term_id`,`weight`),   KEY `idx_link_term_weight` (`link_id`,`term_id`,`weight`) ) ENGINE=InnoDB DEFAULT CHARSET=utf8;
DROP TABLE IF EXISTS `sdc98_finder_links_termsc`;
CREATE TABLE `sdc98_finder_links_termsc` (   `link_id` int(10) unsigned NOT NULL,   `term_id` int(10) unsigned NOT NULL,   `weight` float unsigned NOT NULL,   PRIMARY KEY (`link_id`,`term_id`),   KEY `idx_term_weight` (`term_id`,`weight`),   KEY `idx_link_term_weight` (`link_id`,`term_id`,`weight`) ) ENGINE=InnoDB DEFAULT CHARSET=utf8;
DROP TABLE IF EXISTS `sdc98_finder_links_termsd`;
CREATE TABLE `sdc98_finder_links_termsd` (   `link_id` int(10) unsigned NOT NULL,   `term_id` int(10) unsigned NOT NULL,   `weight` float unsigned NOT NULL,   PRIMARY KEY (`link_id`,`term_id`),   KEY `idx_term_weight` (`term_id`,`weight`),   KEY `idx_link_term_weight` (`link_id`,`term_id`,`weight`) ) ENGINE=InnoDB DEFAULT CHARSET=utf8;
DROP TABLE IF EXISTS `sdc98_finder_links_termse`;
CREATE TABLE `sdc98_finder_links_termse` (   `link_id` int(10) unsigned NOT NULL,   `term_id` int(10) unsigned NOT NULL,   `weight` float unsigned NOT NULL,   PRIMARY KEY (`link_id`,`term_id`),   KEY `idx_term_weight` (`term_id`,`weight`),   KEY `idx_link_term_weight` (`link_id`,`term_id`,`weight`) ) ENGINE=InnoDB DEFAULT CHARSET=utf8;
DROP TABLE IF EXISTS `sdc98_finder_links_termsf`;
CREATE TABLE `sdc98_finder_links_termsf` (   `link_id` int(10) unsigned NOT NULL,   `term_id` int(10) unsigned NOT NULL,   `weight` float unsigned NOT NULL,   PRIMARY KEY (`link_id`,`term_id`),   KEY `idx_term_weight` (`term_id`,`weight`),   KEY `idx_link_term_weight` (`link_id`,`term_id`,`weight`) ) ENGINE=InnoDB DEFAULT CHARSET=utf8;
DROP TABLE IF EXISTS `sdc98_finder_taxonomy`;
CREATE TABLE `sdc98_finder_taxonomy` (   `id` int(10) unsigned NOT NULL AUTO_INCREMENT,   `parent_id` int(10) unsigned NOT NULL DEFAULT '0',   `title` varchar(255) NOT NULL,   `state` tinyint(1) unsigned NOT NULL DEFAULT '1',   `access` tinyint(1) unsigned NOT NULL DEFAULT '0',   `ordering` tinyint(1) unsigned NOT NULL DEFAULT '0',   PRIMARY KEY (`id`),   KEY `parent_id` (`parent_id`),   KEY `state` (`state`),   KEY `ordering` (`ordering`),   KEY `access` (`access`),   KEY `idx_parent_published` (`parent_id`,`state`,`access`) ) ENGINE=InnoDB AUTO_INCREMENT=9 DEFAULT CHARSET=utf8;
DROP TABLE IF EXISTS `sdc98_finder_taxonomy_map`;
CREATE TABLE `sdc98_finder_taxonomy_map` (   `link_id` int(10) unsigned NOT NULL,   `node_id` int(10) unsigned NOT NULL,   PRIMARY KEY (`link_id`,`node_id`),   KEY `link_id` (`link_id`),   KEY `node_id` (`node_id`) ) ENGINE=InnoDB DEFAULT CHARSET=utf8;
DROP TABLE IF EXISTS `sdc98_finder_terms`;
CREATE TABLE `sdc98_finder_terms` (   `term_id` int(10) unsigned NOT NULL AUTO_INCREMENT,   `term` varchar(75) NOT NULL,   `stem` varchar(75) NOT NULL,   `common` tinyint(1) unsigned NOT NULL DEFAULT '0',   `phrase` tinyint(1) unsigned NOT NULL DEFAULT '0',   `weight` float unsigned NOT NULL DEFAULT '0',   `soundex` varchar(75) NOT NULL,   `links` int(10) NOT NULL DEFAULT '0',   PRIMARY KEY (`term_id`),   UNIQUE KEY `idx_term` (`term`),   KEY `idx_term_phrase` (`term`,`phrase`),   KEY `idx_stem_phrase` (`stem`,`phrase`),   KEY `idx_soundex_phrase` (`soundex`,`phrase`) ) ENGINE=InnoDB AUTO_INCREMENT=1821 DEFAULT CHARSET=utf8;
DROP TABLE IF EXISTS `sdc98_finder_terms_common`;
CREATE TABLE `sdc98_finder_terms_common` (   `term` varchar(75) NOT NULL,   `language` varchar(3) NOT NULL,   KEY `idx_word_lang` (`term`,`language`),   KEY `idx_lang` (`language`) ) ENGINE=InnoDB DEFAULT CHARSET=utf8;
INSERT INTO `sdc98_finder_terms_common`  VALUES ('a', 'en'), ('about', 'en'), ('after', 'en'), ('ago', 'en'), ('all', 'en'), ('am', 'en'), ('an', 'en'), ('and', 'en'), ('ani', 'en'), ('any', 'en'), ('are', 'en'), ('aren\'t', 'en'), ('as', 'en'), ('at', 'en'), ('be', 'en'), ('but', 'en'), ('by', 'en'), ('for', 'en'), ('from', 'en'), ('get', 'en'), ('go', 'en'), ('how', 'en'), ('if', 'en'), ('in', 'en'), ('into', 'en'), ('is', 'en'), ('isn\'t', 'en'), ('it', 'en'), ('its', 'en'), ('me', 'en'), ('more', 'en'), ('most', 'en'), ('must', 'en'), ('my', 'en'), ('new', 'en'), ('no', 'en'), ('none', 'en'), ('not', 'en'), ('noth', 'en'), ('nothing', 'en'), ('of', 'en'), ('off', 'en'), ('often', 'en'), ('old', 'en'), ('on', 'en'), ('onc', 'en'), ('once', 'en'), ('onli', 'en'), ('only', 'en'), ('or', 'en'), ('other', 'en'), ('our', 'en'), ('ours', 'en'), ('out', 'en'), ('over', 'en'), ('page', 'en'), ('she', 'en'), ('should', 'en'), ('small', 'en'), ('so', 'en'), ('some', 'en'), ('than', 'en'), ('thank', 'en'), ('that', 'en'), ('the', 'en'), ('their', 'en'), ('theirs', 'en'), ('them', 'en'), ('then', 'en'), ('there', 'en'), ('these', 'en'), ('they', 'en'), ('this', 'en'), ('those', 'en'), ('thus', 'en'), ('time', 'en'), ('times', 'en'), ('to', 'en'), ('too', 'en'), ('true', 'en'), ('under', 'en'), ('until', 'en'), ('up', 'en'), ('upon', 'en'), ('use', 'en'), ('user', 'en'), ('users', 'en'), ('veri', 'en'), ('version', 'en'), ('very', 'en'), ('via', 'en'), ('want', 'en'), ('was', 'en'), ('way', 'en'), ('were', 'en'), ('what', 'en'), ('when', 'en'), ('where', 'en'), ('whi', 'en'), ('which', 'en'), ('who', 'en'), ('whom', 'en'), ('whose', 'en'), ('why', 'en'), ('wide', 'en'), ('will', 'en'), ('with', 'en'), ('within', 'en'), ('without', 'en'), ('would', 'en'), ('yes', 'en'), ('yet', 'en'), ('you', 'en'), ('your', 'en'), ('yours', 'en');
DROP TABLE IF EXISTS `sdc98_finder_tokens`;
CREATE TABLE `sdc98_finder_tokens` (   `term` varchar(75) NOT NULL,   `stem` varchar(75) NOT NULL,   `common` tinyint(1) unsigned NOT NULL DEFAULT '0',   `phrase` tinyint(1) unsigned NOT NULL DEFAULT '0',   `weight` float unsigned NOT NULL DEFAULT '1',   `context` tinyint(1) unsigned NOT NULL DEFAULT '2',   KEY `idx_word` (`term`),   KEY `idx_context` (`context`) ) ENGINE=MEMORY DEFAULT CHARSET=utf8;
DROP TABLE IF EXISTS `sdc98_finder_tokens_aggregate`;
CREATE TABLE `sdc98_finder_tokens_aggregate` (   `term_id` int(10) unsigned NOT NULL,   `map_suffix` char(1) NOT NULL,   `term` varchar(75) NOT NULL,   `stem` varchar(75) NOT NULL,   `common` tinyint(1) unsigned NOT NULL DEFAULT '0',   `phrase` tinyint(1) unsigned NOT NULL DEFAULT '0',   `term_weight` float unsigned NOT NULL,   `context` tinyint(1) unsigned NOT NULL DEFAULT '2',   `context_weight` float unsigned NOT NULL,   `total_weight` float unsigned NOT NULL,   KEY `token` (`term`),   KEY `keyword_id` (`term_id`) ) ENGINE=MEMORY DEFAULT CHARSET=utf8;
DROP TABLE IF EXISTS `sdc98_finder_types`;
CREATE TABLE `sdc98_finder_types` (   `id` int(10) unsigned NOT NULL AUTO_INCREMENT,   `title` varchar(100) NOT NULL,   `mime` varchar(100) NOT NULL,   PRIMARY KEY (`id`),   UNIQUE KEY `title` (`title`) ) ENGINE=InnoDB AUTO_INCREMENT=7 DEFAULT CHARSET=utf8;
INSERT INTO `sdc98_finder_types`  VALUES ('1', 'ZOO Item', ''), ('2', 'Category', ''), ('3', 'Contact', ''), ('4', 'Article', ''), ('5', 'News Feed', ''), ('6', 'Web Link', '');
DROP TABLE IF EXISTS `sdc98_foxcontact_sessions`;
CREATE TABLE `sdc98_foxcontact_sessions` (   `id` varchar(32) NOT NULL,   `cid` int(11) NOT NULL,   `mid` int(11) NOT NULL,   `keyword` varchar(32) NOT NULL,   `birth` timestamp NOT NULL DEFAULT CURRENT_TIMESTAMP,   `data` text,   UNIQUE KEY `index` (`id`,`cid`,`mid`,`keyword`) ) ENGINE=MyISAM DEFAULT CHARSET=utf8;
DROP TABLE IF EXISTS `sdc98_foxcontact_settings`;
CREATE TABLE `sdc98_foxcontact_settings` (   `name` varchar(32) NOT NULL,   `value` text NOT NULL,   PRIMARY KEY (`name`) ) ENGINE=MyISAM DEFAULT CHARSET=utf8;
INSERT INTO `sdc98_foxcontact_settings`  VALUES ('captchadrawer', 'use_gd'), ('dns', 'dns_check'), ('mimefilter', 'disabled');
DROP TABLE IF EXISTS `sdc98_languages`;
CREATE TABLE `sdc98_languages` (   `lang_id` int(11) unsigned NOT NULL AUTO_INCREMENT,   `lang_code` char(7) NOT NULL,   `title` varchar(50) NOT NULL,   `title_native` varchar(50) NOT NULL,   `sef` varchar(50) NOT NULL,   `image` varchar(50) NOT NULL,   `description` varchar(512) NOT NULL,   `metakey` text NOT NULL,   `metadesc` text NOT NULL,   `sitename` varchar(1024) NOT NULL DEFAULT '',   `published` int(11) NOT NULL DEFAULT '0',   `access` int(10) unsigned NOT NULL DEFAULT '0',   `ordering` int(11) NOT NULL DEFAULT '0',   PRIMARY KEY (`lang_id`),   UNIQUE KEY `idx_sef` (`sef`),   UNIQUE KEY `idx_image` (`image`),   UNIQUE KEY `idx_langcode` (`lang_code`),   KEY `idx_access` (`access`),   KEY `idx_ordering` (`ordering`) ) ENGINE=InnoDB AUTO_INCREMENT=3 DEFAULT CHARSET=utf8;
INSERT INTO `sdc98_languages`  VALUES ('1', 'en-GB', 'English (UK)', 'English (UK)', 'en', 'en', '', '', '', '', '1', '1', '1'), ('2', 'ru-RU', 'Russian', 'Russian', 'ru', 'ru', '', '', '', '', '1', '1', '0');
DROP TABLE IF EXISTS `sdc98_menu`;
CREATE TABLE `sdc98_menu` (   `id` int(11) NOT NULL AUTO_INCREMENT,   `menutype` varchar(24) NOT NULL COMMENT 'The type of menu this item belongs to. FK to #__menu_types.menutype',   `title` varchar(255) NOT NULL COMMENT 'The display title of the menu item.',   `alias` varchar(255) CHARACTER SET utf8 COLLATE utf8_bin NOT NULL COMMENT 'The SEF alias of the menu item.',   `note` varchar(255) NOT NULL DEFAULT '',   `path` varchar(1024) NOT NULL COMMENT 'The computed path of the menu item based on the alias field.',   `link` varchar(1024) NOT NULL COMMENT 'The actually link the menu item refers to.',   `type` varchar(16) NOT NULL COMMENT 'The type of link: Component, URL, Alias, Separator',   `published` tinyint(4) NOT NULL DEFAULT '0' COMMENT 'The published state of the menu link.',   `parent_id` int(10) unsigned NOT NULL DEFAULT '1' COMMENT 'The parent menu item in the menu tree.',   `level` int(10) unsigned NOT NULL DEFAULT '0' COMMENT 'The relative level in the tree.',   `component_id` int(10) unsigned NOT NULL DEFAULT '0' COMMENT 'FK to #__extensions.id',   `ordering` int(11) NOT NULL DEFAULT '0' COMMENT 'The relative ordering of the menu item in the tree.',   `checked_out` int(10) unsigned NOT NULL DEFAULT '0' COMMENT 'FK to #__users.id',   `checked_out_time` timestamp NOT NULL DEFAULT '0000-00-00 00:00:00' COMMENT 'The time the menu item was checked out.',   `browserNav` tinyint(4) NOT NULL DEFAULT '0' COMMENT 'The click behaviour of the link.',   `access` int(10) unsigned NOT NULL DEFAULT '0' COMMENT 'The access level required to view the menu item.',   `img` varchar(255) NOT NULL COMMENT 'The image of the menu item.',   `template_style_id` int(10) unsigned NOT NULL DEFAULT '0',   `params` text NOT NULL COMMENT 'JSON encoded data for the menu item.',   `lft` int(11) NOT NULL DEFAULT '0' COMMENT 'Nested set lft.',   `rgt` int(11) NOT NULL DEFAULT '0' COMMENT 'Nested set rgt.',   `home` tinyint(3) unsigned NOT NULL DEFAULT '0' COMMENT 'Indicates if this menu item is the home or default page.',   `language` char(7) NOT NULL DEFAULT '',   `client_id` tinyint(4) NOT NULL DEFAULT '0',   PRIMARY KEY (`id`),   UNIQUE KEY `idx_client_id_parent_id_alias_language` (`client_id`,`parent_id`,`alias`,`language`),   KEY `idx_componentid` (`component_id`,`menutype`,`published`,`access`),   KEY `idx_menutype` (`menutype`),   KEY `idx_left_right` (`lft`,`rgt`),   KEY `idx_alias` (`alias`),   KEY `idx_path` (`path`(255)),   KEY `idx_language` (`language`) ) ENGINE=InnoDB AUTO_INCREMENT=108 DEFAULT CHARSET=utf8;
INSERT INTO `sdc98_menu`  VALUES ('1', '', 'Menu_Item_Root', 'root', '', '', '', '', '1', '0', '0', '0', '0', '0', '0000-00-00 00:00:00', '0', '0', '', '0', '', '0', '55', '0', '*', '0'), ('2', 'menu', 'com_banners', 'Banners', '', 'Banners', 'index.php?option=com_banners', 'component', '0', '1', '1', '4', '0', '0', '0000-00-00 00:00:00', '0', '0', 'class:banners', '0', '', '1', '10', '0', '*', '1'), ('3', 'menu', 'com_banners', 'Banners', '', 'Banners/Banners', 'index.php?option=com_banners', 'component', '0', '2', '2', '4', '0', '0', '0000-00-00 00:00:00', '0', '0', 'class:banners', '0', '', '2', '3', '0', '*', '1'), ('4', 'menu', 'com_banners_categories', 'Categories', '', 'Banners/Categories', 'index.php?option=com_categories&extension=com_banners', 'component', '0', '2', '2', '6', '0', '0', '0000-00-00 00:00:00', '0', '0', 'class:banners-cat', '0', '', '4', '5', '0', '*', '1'), ('5', 'menu', 'com_banners_clients', 'Clients', '', 'Banners/Clients', 'index.php?option=com_banners&view=clients', 'component', '0', '2', '2', '4', '0', '0', '0000-00-00 00:00:00', '0', '0', 'class:banners-clients', '0', '', '6', '7', '0', '*', '1'), ('6', 'menu', 'com_banners_tracks', 'Tracks', '', 'Banners/Tracks', 'index.php?option=com_banners&view=tracks', 'component', '0', '2', '2', '4', '0', '0', '0000-00-00 00:00:00', '0', '0', 'class:banners-tracks', '0', '', '8', '9', '0', '*', '1'), ('7', 'menu', 'com_contact', 'Contacts', '', 'Contacts', 'index.php?option=com_contact', 'component', '0', '1', '1', '8', '0', '0', '0000-00-00 00:00:00', '0', '0', 'class:contact', '0', '', '11', '16', '0', '*', '1'), ('8', 'menu', 'com_contact', 'Contacts', '', 'Contacts/Contacts', 'index.php?option=com_contact', 'component', '0', '7', '2', '8', '0', '0', '0000-00-00 00:00:00', '0', '0', 'class:contact', '0', '', '12', '13', '0', '*', '1'), ('9', 'menu', 'com_contact_categories', 'Categories', '', 'Contacts/Categories', 'index.php?option=com_categories&extension=com_contact', 'component', '0', '7', '2', '6', '0', '0', '0000-00-00 00:00:00', '0', '0', 'class:contact-cat', '0', '', '14', '15', '0', '*', '1'), ('10', 'menu', 'com_messages', 'Messaging', '', 'Messaging', 'index.php?option=com_messages', 'component', '0', '1', '1', '15', '0', '0', '0000-00-00 00:00:00', '0', '0', 'class:messages', '0', '', '17', '22', '0', '*', '1'), ('11', 'menu', 'com_messages_add', 'New Private Message', '', 'Messaging/New Private Message', 'index.php?option=com_messages&task=message.add', 'component', '0', '10', '2', '15', '0', '0', '0000-00-00 00:00:00', '0', '0', 'class:messages-add', '0', '', '18', '19', '0', '*', '1'), ('12', 'menu', 'com_messages_read', 'Read Private Message', '', 'Messaging/Read Private Message', 'index.php?option=com_messages', 'component', '0', '10', '2', '15', '0', '0', '0000-00-00 00:00:00', '0', '0', 'class:messages-read', '0', '', '20', '21', '0', '*', '1'), ('13', 'menu', 'com_newsfeeds', 'News Feeds', '', 'News Feeds', 'index.php?option=com_newsfeeds', 'component', '0', '1', '1', '17', '0', '0', '0000-00-00 00:00:00', '0', '0', 'class:newsfeeds', '0', '', '23', '28', '0', '*', '1'), ('14', 'menu', 'com_newsfeeds_feeds', 'Feeds', '', 'News Feeds/Feeds', 'index.php?option=com_newsfeeds', 'component', '0', '13', '2', '17', '0', '0', '0000-00-00 00:00:00', '0', '0', 'class:newsfeeds', '0', '', '24', '25', '0', '*', '1'), ('15', 'menu', 'com_newsfeeds_categories', 'Categories', '', 'News Feeds/Categories', 'index.php?option=com_categories&extension=com_newsfeeds', 'component', '0', '13', '2', '6', '0', '0', '0000-00-00 00:00:00', '0', '0', 'class:newsfeeds-cat', '0', '', '26', '27', '0', '*', '1'), ('16', 'menu', 'com_redirect', 'Redirect', '', 'Redirect', 'index.php?option=com_redirect', 'component', '0', '1', '1', '24', '0', '0', '0000-00-00 00:00:00', '0', '0', 'class:redirect', '0', '', '39', '40', '0', '*', '1'), ('17', 'menu', 'com_search', 'Basic Search', '', 'Basic Search', 'index.php?option=com_search', 'component', '0', '1', '1', '19', '0', '0', '0000-00-00 00:00:00', '0', '0', 'class:search', '0', '', '31', '32', '0', '*', '1'), ('18', 'menu', 'com_weblinks', 'Weblinks', '', 'Weblinks', 'index.php?option=com_weblinks', 'component', '0', '1', '1', '21', '0', '0', '0000-00-00 00:00:00', '0', '0', 'class:weblinks', '0', '', '33', '38', '0', '*', '1'), ('19', 'menu', 'com_weblinks_links', 'Links', '', 'Weblinks/Links', 'index.php?option=com_weblinks', 'component', '0', '18', '2', '21', '0', '0', '0000-00-00 00:00:00', '0', '0', 'class:weblinks', '0', '', '34', '35', '0', '*', '1'), ('20', 'menu', 'com_weblinks_categories', 'Categories', '', 'Weblinks/Categories', 'index.php?option=com_categories&extension=com_weblinks', 'component', '0', '18', '2', '6', '0', '0', '0000-00-00 00:00:00', '0', '0', 'class:weblinks-cat', '0', '', '36', '37', '0', '*', '1'), ('21', 'menu', 'com_finder', 'Smart Search', '', 'Smart Search', 'index.php?option=com_finder', 'component', '0', '1', '1', '27', '0', '0', '0000-00-00 00:00:00', '0', '0', 'class:finder', '0', '', '29', '30', '0', '*', '1'), ('22', 'menu', 'com_joomlaupdate', 'Joomla! Update', '', 'Joomla! Update', 'index.php?option=com_joomlaupdate', 'component', '0', '1', '1', '28', '0', '0', '0000-00-00 00:00:00', '0', '0', 'class:joomlaupdate', '0', '', '39', '40', '0', '*', '1'), ('101', 'mainmenu', 'Сувенирная продукция', 'home', '', '2014-07-18-14-15-38/home', 'index.php?option=com_zoo&view=item&layout=item', 'component', '1', '105', '2', '10000', '0', '0', '0000-00-00 00:00:00', '0', '1', '', '0', '{\"item_id\":\"1\",\"application\":\"1\",\"menu-anchor_title\":\"\",\"menu-anchor_css\":\"\",\"menu_image\":\"\",\"menu_text\":1,\"page_title\":\"\",\"show_page_heading\":1,\"page_heading\":\"\",\"pageclass_sfx\":\"\",\"menu-meta_description\":\"\",\"menu-meta_keywords\":\"\",\"robots\":\"\",\"secure\":0}', '46', '47', '1', '*', '0'), ('102', 'main', 'com_zoo', 'com-zoo', '', 'com-zoo', 'index.php?option=com_zoo', 'component', '0', '1', '1', '10000', '0', '0', '0000-00-00 00:00:00', '0', '1', 'components/com_zoo/assets/images/zoo_16.png', '0', '', '41', '42', '0', '', '1'), ('103', 'mainmenu', 'О компании', 'o-kompanii', '', 'o-kompanii', 'index.php?option=com_content&view=article&id=1', 'component', '1', '1', '1', '22', '0', '0', '0000-00-00 00:00:00', '0', '1', '', '0', '{\"show_title\":\"\",\"link_titles\":\"\",\"show_intro\":\"\",\"show_category\":\"\",\"link_category\":\"\",\"show_parent_category\":\"\",\"link_parent_category\":\"\",\"show_author\":\"\",\"link_author\":\"\",\"show_create_date\":\"\",\"show_modify_date\":\"\",\"show_publish_date\":\"\",\"show_item_navigation\":\"\",\"show_vote\":\"\",\"show_icons\":\"\",\"show_print_icon\":\"\",\"show_email_icon\":\"\",\"show_hits\":\"\",\"show_noauth\":\"\",\"urls_position\":\"\",\"menu-anchor_title\":\"\",\"menu-anchor_css\":\"\",\"menu_image\":\"\",\"menu_text\":1,\"page_title\":\"\",\"show_page_heading\":0,\"page_heading\":\"\",\"pageclass_sfx\":\"\",\"menu-meta_description\":\"\",\"menu-meta_keywords\":\"\",\"robots\":\"\",\"secure\":0}', '43', '44', '0', '*', '0'), ('104', 'mainmenu', 'Контакты', 'kontakty', '', 'kontakty', 'index.php?option=com_content&view=article&id=2', 'component', '1', '1', '1', '22', '0', '0', '0000-00-00 00:00:00', '0', '1', '', '0', '{\"show_title\":\"\",\"link_titles\":\"\",\"show_intro\":\"\",\"show_category\":\"\",\"link_category\":\"\",\"show_parent_category\":\"\",\"link_parent_category\":\"\",\"show_author\":\"\",\"link_author\":\"\",\"show_create_date\":\"\",\"show_modify_date\":\"\",\"show_publish_date\":\"\",\"show_item_navigation\":\"\",\"show_vote\":\"\",\"show_icons\":\"\",\"show_print_icon\":\"\",\"show_email_icon\":\"\",\"show_hits\":\"\",\"show_noauth\":\"\",\"urls_position\":\"\",\"menu-anchor_title\":\"\",\"menu-anchor_css\":\"\",\"menu_image\":\"\",\"menu_text\":1,\"page_title\":\"\",\"show_page_heading\":0,\"page_heading\":\"\",\"pageclass_sfx\":\"\",\"menu-meta_description\":\"\",\"menu-meta_keywords\":\"\",\"robots\":\"\",\"secure\":0}', '49', '50', '0', '*', '0'), ('105', 'mainmenu', 'Продукты', '2014-07-18-14-15-38', '', '2014-07-18-14-15-38', '#', 'url', '1', '1', '1', '0', '0', '0', '0000-00-00 00:00:00', '0', '1', '', '0', '{\"menu-anchor_title\":\"\",\"menu-anchor_css\":\"dropdown-toggle js-activated\",\"menu_image\":\"\",\"menu_text\":1}', '45', '48', '0', '*', '0'), ('106', 'main', 'COM_FOXCONTACT_MENU', 'com-foxcontact-menu', '', 'com-foxcontact-menu', 'index.php?option=com_foxcontact', 'component', '0', '1', '1', '10014', '0', '0', '0000-00-00 00:00:00', '0', '1', '../media/com_foxcontact/images/email-16.png', '0', '', '51', '52', '0', '', '1'), ('107', 'main', 'COM_AKEEBA', 'com-akeeba', '', 'com-akeeba', 'index.php?option=com_akeeba', 'component', '0', '1', '1', '10015', '0', '0', '0000-00-00 00:00:00', '0', '1', '../media/com_akeeba/icons/akeeba-16.png', '0', '', '53', '54', '0', '', '1');
DROP TABLE IF EXISTS `sdc98_menu_types`;
CREATE TABLE `sdc98_menu_types` (   `id` int(10) unsigned NOT NULL AUTO_INCREMENT,   `menutype` varchar(24) NOT NULL,   `title` varchar(48) NOT NULL,   `description` varchar(255) NOT NULL DEFAULT '',   PRIMARY KEY (`id`),   UNIQUE KEY `idx_menutype` (`menutype`) ) ENGINE=InnoDB AUTO_INCREMENT=2 DEFAULT CHARSET=utf8;
INSERT INTO `sdc98_menu_types`  VALUES ('1', 'mainmenu', 'Main Menu', 'The main menu for the site');
DROP TABLE IF EXISTS `sdc98_messages`;
CREATE TABLE `sdc98_messages` (   `message_id` int(10) unsigned NOT NULL AUTO_INCREMENT,   `user_id_from` int(10) unsigned NOT NULL DEFAULT '0',   `user_id_to` int(10) unsigned NOT NULL DEFAULT '0',   `folder_id` tinyint(3) unsigned NOT NULL DEFAULT '0',   `date_time` datetime NOT NULL DEFAULT '0000-00-00 00:00:00',   `state` tinyint(1) NOT NULL DEFAULT '0',   `priority` tinyint(1) unsigned NOT NULL DEFAULT '0',   `subject` varchar(255) NOT NULL DEFAULT '',   `message` text NOT NULL,   PRIMARY KEY (`message_id`),   KEY `useridto_state` (`user_id_to`,`state`) ) ENGINE=InnoDB DEFAULT CHARSET=utf8;
DROP TABLE IF EXISTS `sdc98_messages_cfg`;
CREATE TABLE `sdc98_messages_cfg` (   `user_id` int(10) unsigned NOT NULL DEFAULT '0',   `cfg_name` varchar(100) NOT NULL DEFAULT '',   `cfg_value` varchar(255) NOT NULL DEFAULT '',   UNIQUE KEY `idx_user_var_name` (`user_id`,`cfg_name`) ) ENGINE=InnoDB DEFAULT CHARSET=utf8;
DROP TABLE IF EXISTS `sdc98_modules`;
CREATE TABLE `sdc98_modules` (   `id` int(11) NOT NULL AUTO_INCREMENT,   `title` varchar(100) NOT NULL DEFAULT '',   `note` varchar(255) NOT NULL DEFAULT '',   `content` text NOT NULL,   `ordering` int(11) NOT NULL DEFAULT '0',   `position` varchar(50) NOT NULL DEFAULT '',   `checked_out` int(10) unsigned NOT NULL DEFAULT '0',   `checked_out_time` datetime NOT NULL DEFAULT '0000-00-00 00:00:00',   `publish_up` datetime NOT NULL DEFAULT '0000-00-00 00:00:00',   `publish_down` datetime NOT NULL DEFAULT '0000-00-00 00:00:00',   `published` tinyint(1) NOT NULL DEFAULT '0',   `module` varchar(50) DEFAULT NULL,   `access` int(10) unsigned NOT NULL DEFAULT '0',   `showtitle` tinyint(3) unsigned NOT NULL DEFAULT '1',   `params` text NOT NULL,   `client_id` tinyint(4) NOT NULL DEFAULT '0',   `language` char(7) NOT NULL,   PRIMARY KEY (`id`),   KEY `published` (`published`,`access`),   KEY `newsfeeds` (`module`,`published`),   KEY `idx_language` (`language`) ) ENGINE=InnoDB AUTO_INCREMENT=93 DEFAULT CHARSET=utf8;
INSERT INTO `sdc98_modules`  VALUES ('1', 'Main Menu', '', '', '1', 'top-menu', '0', '0000-00-00 00:00:00', '0000-00-00 00:00:00', '0000-00-00 00:00:00', '1', 'mod_menu', '1', '0', '{\"menutype\":\"mainmenu\",\"startLevel\":\"1\",\"endLevel\":\"0\",\"showAllChildren\":\"0\",\"tag_id\":\"\",\"class_sfx\":\"\",\"window_open\":\"\",\"layout\":\"printsolution:default2\",\"moduleclass_sfx\":\" top-menu\",\"cache\":\"1\",\"cache_time\":\"900\",\"cachemode\":\"itemid\"}', '0', '*'), ('2', 'Login', '', '', '1', 'login', '0', '0000-00-00 00:00:00', '0000-00-00 00:00:00', '0000-00-00 00:00:00', '1', 'mod_login', '1', '1', '', '1', '*'), ('3', 'Popular Articles', '', '', '3', 'cpanel', '0', '0000-00-00 00:00:00', '0000-00-00 00:00:00', '0000-00-00 00:00:00', '1', 'mod_popular', '3', '1', '{\"count\":\"5\",\"catid\":\"\",\"user_id\":\"0\",\"layout\":\"_:default\",\"moduleclass_sfx\":\"\",\"cache\":\"0\",\"automatic_title\":\"1\"}', '1', '*'), ('4', 'Recently Added Articles', '', '', '4', 'cpanel', '0', '0000-00-00 00:00:00', '0000-00-00 00:00:00', '0000-00-00 00:00:00', '1', 'mod_latest', '3', '1', '{\"count\":\"5\",\"ordering\":\"c_dsc\",\"catid\":\"\",\"user_id\":\"0\",\"layout\":\"_:default\",\"moduleclass_sfx\":\"\",\"cache\":\"0\",\"automatic_title\":\"1\"}', '1', '*'), ('8', 'Toolbar', '', '', '1', 'toolbar', '0', '0000-00-00 00:00:00', '0000-00-00 00:00:00', '0000-00-00 00:00:00', '1', 'mod_toolbar', '3', '1', '', '1', '*'), ('9', 'Quick Icons', '', '', '1', 'icon', '0', '0000-00-00 00:00:00', '0000-00-00 00:00:00', '0000-00-00 00:00:00', '1', 'mod_quickicon', '3', '1', '', '1', '*'), ('10', 'Logged-in Users', '', '', '2', 'cpanel', '0', '0000-00-00 00:00:00', '0000-00-00 00:00:00', '0000-00-00 00:00:00', '1', 'mod_logged', '3', '1', '{\"count\":\"5\",\"name\":\"1\",\"layout\":\"_:default\",\"moduleclass_sfx\":\"\",\"cache\":\"0\",\"automatic_title\":\"1\"}', '1', '*'), ('12', 'Admin Menu', '', '', '1', 'menu', '0', '0000-00-00 00:00:00', '0000-00-00 00:00:00', '0000-00-00 00:00:00', '1', 'mod_menu', '3', '1', '{\"layout\":\"\",\"moduleclass_sfx\":\"\",\"shownew\":\"1\",\"showhelp\":\"1\",\"cache\":\"0\"}', '1', '*'), ('13', 'Admin Submenu', '', '', '1', 'submenu', '0', '0000-00-00 00:00:00', '0000-00-00 00:00:00', '0000-00-00 00:00:00', '1', 'mod_submenu', '3', '1', '', '1', '*'), ('14', 'User Status', '', '', '2', 'status', '0', '0000-00-00 00:00:00', '0000-00-00 00:00:00', '0000-00-00 00:00:00', '1', 'mod_status', '3', '1', '', '1', '*'), ('15', 'Title', '', '', '1', 'title', '0', '0000-00-00 00:00:00', '0000-00-00 00:00:00', '0000-00-00 00:00:00', '1', 'mod_title', '3', '1', '', '1', '*'), ('16', 'Login Form', '', '', '7', 'position-7', '0', '0000-00-00 00:00:00', '0000-00-00 00:00:00', '0000-00-00 00:00:00', '1', 'mod_login', '1', '1', '{\"greeting\":\"1\",\"name\":\"0\"}', '0', '*'), ('17', 'Breadcrumbs', '', '', '1', 'position-2', '0', '0000-00-00 00:00:00', '0000-00-00 00:00:00', '0000-00-00 00:00:00', '1', 'mod_breadcrumbs', '1', '1', '{\"moduleclass_sfx\":\"\",\"showHome\":\"1\",\"homeText\":\"Home\",\"showComponent\":\"1\",\"separator\":\"\",\"cache\":\"1\",\"cache_time\":\"900\",\"cachemode\":\"itemid\"}', '0', '*'), ('79', 'Multilanguage status', '', '', '1', 'status', '0', '0000-00-00 00:00:00', '0000-00-00 00:00:00', '0000-00-00 00:00:00', '0', 'mod_multilangstatus', '3', '1', '{\"layout\":\"_:default\",\"moduleclass_sfx\":\"\",\"cache\":\"0\"}', '1', '*'), ('86', 'Joomla Version', '', '', '1', 'footer', '0', '0000-00-00 00:00:00', '0000-00-00 00:00:00', '0000-00-00 00:00:00', '1', 'mod_version', '3', '1', '{\"format\":\"short\",\"product\":\"1\",\"layout\":\"_:default\",\"moduleclass_sfx\":\"\",\"cache\":\"0\"}', '1', '*'), ('87', 'ZOO Category', '', '', '0', '', '0', '0000-00-00 00:00:00', '0000-00-00 00:00:00', '0000-00-00 00:00:00', '0', 'mod_zoocategory', '1', '1', '', '0', '*'), ('88', 'ZOO Comment', '', '', '0', '', '0', '0000-00-00 00:00:00', '0000-00-00 00:00:00', '0000-00-00 00:00:00', '0', 'mod_zoocomment', '1', '1', '', '0', '*'), ('89', 'ZOO Item', '', '', '0', '', '0', '0000-00-00 00:00:00', '0000-00-00 00:00:00', '0000-00-00 00:00:00', '0', 'mod_zooitem', '1', '1', '', '0', '*'), ('90', 'ZOO Quick Icons', '', '', '2', 'icon', '0', '0000-00-00 00:00:00', '0000-00-00 00:00:00', '0000-00-00 00:00:00', '1', 'mod_zooquickicon', '1', '1', '', '1', '*'), ('91', 'ZOO Tag', '', '', '0', '', '0', '0000-00-00 00:00:00', '0000-00-00 00:00:00', '0000-00-00 00:00:00', '0', 'mod_zootag', '1', '1', '', '0', '*'), ('92', 'Заказать демо', '', '', '1', 'demo-form', '643', '2014-07-21 09:41:45', '0000-00-00 00:00:00', '0000-00-00 00:00:00', '1', 'mod_foxcontact', '1', '1', '{\"to_address\":\"dummy@address.com, another@address.com\",\"cc_address\":\"\",\"bcc_address\":\"\",\"email_subject\":\"\\u0417\\u0430\\u044f\\u0432\\u043a\\u0430 \\u0441 \\u0432\\u0430\\u0448\\u0435\\u0433\\u043e \\u0441\\u0430\\u0439\\u0442\\u0430\",\"jmessenger_user\":\"0\",\"page_subheading\":\"\\u041f\\u043e\\u0436\\u0430\\u043b\\u0443\\u0439\\u0441\\u0442\\u0430, \\u0437\\u0430\\u043f\\u043e\\u043b\\u043d\\u0438\\u0442\\u0435 \\u0441\\u043b\\u0435\\u0434\\u0443\\u044e\\u0449\\u0443\\u044e \\u0444\\u043e\\u0440\\u043c\\u0443\",\"form_width\":\"470\",\"form_unit\":\"px\",\"customhtml0\":\"\\u041f\\u043e\\u0441\\u043b\\u0435 \\u043e\\u0442\\u043f\\u0440\\u0430\\u0432\\u043a\\u0438 \\u0437\\u0430\\u043f\\u0440\\u043e\\u0441\\u0430 \\u043d\\u0430 \\u0412\\u0430\\u0448 email \\u0431\\u0443\\u0434\\u0443\\u0442 \\u0432\\u044b\\u0441\\u043b\\u0430\\u043d\\u044b \\u043b\\u043e\\u0433\\u0438\\u043d \\u0438 \\u043f\\u0430\\u0440\\u043e\\u043b\\u044c \\u0434\\u043b\\u044f \\u0434\\u043e\\u0441\\u0442\\u0443\\u043f\\u0430 \\u0432 \\u0430\\u0434\\u043c\\u0438\\u043d\\u0438\\u0441\\u0442\\u0440\\u0430\\u0442\\u0438\\u0432\\u043d\\u0443\\u044e \\u0447\\u0430\\u0441\\u0442\\u044c \\u0438 CRM \\u0434\\u0435\\u043c\\u043e\\u0441\\u0430\\u0439\\u0442\\u0430 <a href=\\\"http:\\/\\/demo.printondemandsolution.ru\\\">demo.printondemandsolution.ru<\\/a>\",\"customhtml0display\":\"1\",\"customhtml0order\":\"-1000\",\"customhtml1\":\"\",\"customhtml1display\":\"1\",\"customhtml1order\":\"1000\",\"labelsdisplay\":\"1\",\"labelswidth\":\"100\",\"labelsunit\":\"%\",\"sender0\":\"\\u0412\\u0430\\u0448\\u0435 \\u0438\\u043c\\u044f\",\"sender0display\":\"2\",\"sender0order\":\"5\",\"sender1\":\"E-mail\",\"sender1display\":\"2\",\"sender1order\":\"15\",\"sender1isemail\":\"1\",\"senderwidth\":\"100\",\"senderunit\":\"%\",\"text0\":\"\\u0422\\u0435\\u043b\\u0435\\u0444\\u043e\\u043d\",\"text0display\":\"1\",\"text0order\":\"10\",\"text1\":\"\",\"text1display\":\"0\",\"text1order\":\"20\",\"text2\":\"\",\"text2display\":\"0\",\"text2order\":\"25\",\"text3\":\"\",\"text3display\":\"0\",\"text3order\":\"30\",\"text4\":\"\",\"text4display\":\"0\",\"text4order\":\"35\",\"text5\":\"\",\"text5display\":\"0\",\"text5order\":\"40\",\"text6\":\"\",\"text6display\":\"0\",\"text6order\":\"45\",\"text7\":\"\",\"text7display\":\"0\",\"text7order\":\"50\",\"text8\":\"\",\"text8display\":\"0\",\"text8order\":\"55\",\"text9\":\"\",\"text9display\":\"0\",\"text9order\":\"60\",\"textwidth\":\"100\",\"textunit\":\"%\",\"dropdown0\":\"\\u041a\\u0430\\u043a \\u0432\\u044b \\u0443\\u0437\\u043d\\u0430\\u043b\\u0438 \\u043e \\u043d\\u0430\\u0441?\",\"dropdown0display\":\"0\",\"dropdown0values\":\"\\u041f\\u043e\\u0438\\u0441\\u043a \\u0432 \\u0438\\u043d\\u0442\\u0435\\u0440\\u043d\\u0435\\u0442\\u0435,\\u0420\\u0435\\u043a\\u043e\\u043c\\u0435\\u043d\\u0434\\u0430\\u0446\\u0438\\u0438 \\u0434\\u0440\\u0443\\u0433\\u0430,\\u041f\\u043e\\u043b\\u043e\\u0436\\u0438\\u0442\\u0435\\u043b\\u044c\\u043d\\u044b\\u0439 \\u043e\\u0442\\u0437\\u044b\\u0432 \\u0432 \\u0421\\u041c\\u0418\",\"dropdown0order\":\"65\",\"dropdown1\":\"\",\"dropdown1display\":\"0\",\"dropdown1values\":\"\",\"dropdown1order\":\"70\",\"dropdown2\":\"\",\"dropdown2display\":\"0\",\"dropdown2values\":\"\",\"dropdown2order\":\"75\",\"dropdownwidth\":\"85\",\"dropdownunit\":\"%\",\"textarea0\":\"\\u041e\\u043f\\u0438\\u0448\\u0438\\u0442\\u0435 \\u0432\\u0430\\u0448 \\u0437\\u0430\\u043f\\u0440\\u043e\\u0441\",\"textarea0display\":\"0\",\"textarea0order\":\"80\",\"textarea1\":\"\",\"textarea1display\":\"0\",\"textarea1order\":\"85\",\"textarea2\":\"\",\"textarea2display\":\"0\",\"textarea2order\":\"90\",\"textareawidth\":\"85\",\"textareaheight\":\"180\",\"textareaunit\":\"%\",\"checkbox0\":\"\\u042f \\u0441\\u043e\\u0433\\u043b\\u0430\\u0441\\u0435\\u043d \\u0441 \\u0432\\u0430\\u0448\\u0438\\u043c\\u0438 \\u043f\\u0440\\u0430\\u0432\\u0438\\u043b\\u0430\\u043c\\u0438 \\u0438 \\u0443\\u0441\\u043b\\u043e\\u0432\\u0438\\u044f\\u043c\\u0438\",\"checkbox0display\":\"0\",\"checkbox0order\":\"95\",\"checkbox1\":\"\",\"checkbox1display\":\"0\",\"checkbox1order\":\"100\",\"checkbox2\":\"\",\"checkbox2display\":\"0\",\"checkbox2order\":\"105\",\"checkbox3\":\"\",\"checkbox3display\":\"0\",\"checkbox3order\":\"110\",\"checkbox4\":\"\",\"checkbox4display\":\"0\",\"checkbox4order\":\"115\",\"uploaddisplay\":\"0\",\"uploadmethod\":\"1\",\"upload\":\"\\u0412\\u044b\\u0431\\u0435\\u0440\\u0435\\u0442\\u0435 \\u0444\\u0430\\u0439\\u043b\\u044b \\u0434\\u043b\\u044f \\u043f\\u0440\\u0438\\u043a\\u0440\\u0435\\u043f\\u043b\\u0435\\u043d\\u0438\\u044f\",\"uploadmax_file_size\":\"10000\",\"submittext\":\"\\u041f\\u043e\\u043b\\u0443\\u0447\\u0438\\u0442\\u044c \\u0434\\u043e\\u0441\\u0442\\u0443\\u043f\",\"submittype\":\"0\",\"submiticon\":\"-1\",\"resetbutton\":\"0\",\"resettext\":\"\\u0421\\u0431\\u0440\\u043e\\u0441\",\"resettype\":\"0\",\"reseticon\":\"-1\",\"email_sent_action\":\"0\",\"email_sent_text\":\"\\u041c\\u044b \\u043f\\u043e\\u043b\\u0443\\u0447\\u0438\\u043b\\u0438 \\u0432\\u0430\\u0448\\u0435 \\u0441\\u043e\\u043e\\u0431\\u0449\\u0435\\u043d\\u0438\\u0435. \\u041c\\u044b \\u0441\\u0432\\u044f\\u0436\\u0435\\u043c\\u0441\\u044f \\u0441 \\u0432\\u0430\\u043c\\u0438 \\u0432 \\u0442\\u0435\\u0447\\u0435\\u043d\\u0438\\u0435 \\u043d\\u0435\\u0441\\u043a\\u043e\\u043b\\u044c\\u043a\\u0438\\u0445 \\u0434\\u043d\\u0435\\u0439.\",\"email_sent_textdisplay\":\"1\",\"email_sent_page\":\"103\",\"copy_to_submitter\":\"1\",\"email_copy_subject\":\"\\u0421\\u043f\\u0430\\u0441\\u0438\\u0431\\u043e \\u0437\\u0430 \\u0432\\u0430\\u0448\\u0435 \\u043e\\u0431\\u0440\\u0430\\u0449\\u0435\\u043d\\u0438\\u0435 \\u043a \\u043d\\u0430\\u043c\",\"email_copy_text\":\"\\u041c\\u044b \\u043f\\u043e\\u043b\\u0443\\u0447\\u0438\\u043b\\u0438 \\u0432\\u0430\\u0448\\u0435 \\u0441\\u043e\\u043e\\u0431\\u0449\\u0435\\u043d\\u0438\\u0435. \\u041c\\u044b \\u0441\\u0432\\u044f\\u0436\\u0435\\u043c\\u0441\\u044f \\u0441 \\u0432\\u0430\\u043c\\u0438 \\u0432 \\u0442\\u0435\\u0447\\u0435\\u043d\\u0438\\u0435 \\u043d\\u0435\\u0441\\u043a\\u043e\\u043b\\u044c\\u043a\\u0438\\u0445 \\u0434\\u043d\\u0435\\u0439.\",\"email_copy_summary\":\"0\",\"spam_check\":\"1\",\"spam_words\":\"www,http,url=,href=,link=,.txt,shit,fuck\",\"spam_detected_text\":\"\\u0418\\u0437\\u0432\\u0438\\u043d\\u0438\\u0442\\u0435, \\u043d\\u043e \\u0441\\u0438\\u0441\\u0442\\u0435\\u043c\\u0430 \\u0441\\u0447\\u0438\\u0442\\u0430\\u0435\\u0442, \\u0447\\u0442\\u043e \\u0432\\u0430\\u0448\\u0435 \\u0441\\u043e\\u043e\\u0431\\u0449\\u0435\\u043d\\u0438\\u0435 \\u0441\\u043e\\u0434\\u0435\\u0440\\u0436\\u0438\\u0442 \\u043d\\u0435\\u0436\\u0435\\u043b\\u0430\\u0442\\u0435\\u043b\\u044c\\u043d\\u0443\\u044e \\u0440\\u0435\\u043a\\u043b\\u0430\\u043c\\u0443, \\u043f\\u043e\\u044d\\u0442\\u043e\\u043c\\u0443 \\u043e\\u043d\\u043e <b>\\u0431\\u044b\\u043b\\u043e \\u0437\\u0430\\u0431\\u043b\\u043e\\u043a\\u0438\\u0440\\u043e\\u0432\\u0430\\u043d\\u043e<\\/b>.<br \\/>\\u0415\\u0441\\u043b\\u0438 \\u0432\\u044b \\u0441\\u0447\\u0438\\u0442\\u0430\\u0435\\u0442\\u0435, \\u0447\\u0442\\u043e \\u044d\\u0442\\u043e \\u043e\\u0448\\u0438\\u0431\\u043a\\u0430, \\u0442\\u043e, \\u043f\\u043e\\u0436\\u0430\\u043b\\u0443\\u0439\\u0441\\u0442\\u0430, \\u0432\\u0435\\u0440\\u043d\\u0438\\u0442\\u0435\\u0441\\u044c \\u0438 \\u043f\\u043e\\u043f\\u0440\\u043e\\u0431\\u0443\\u0439\\u0442\\u0435 \\u0435\\u0449\\u0451 \\u0440\\u0430\\u0437, \\u0438\\u0437\\u0431\\u0435\\u0433\\u0430\\u044f \\u0442\\u0430\\u043a\\u0438\\u0445 \\u0441\\u043b\\u043e\\u0432 \\u043a\\u0430\\u043a <i>www, http,<\\/i> \\u0438 \\u0442\\u0430\\u043a \\u0434\\u0430\\u043b\\u0435\\u0435.\",\"spam_detected_textdisplay\":\"1\",\"stdcaptchadisplay\":\"0\",\"stdcaptcha\":\"\\u041a\\u043b\\u044e\\u0447 \\u0437\\u0430\\u0449\\u0438\\u0442\\u044b\",\"stdcaptchatype\":\"0\",\"stdcaptcha_length\":\"5\",\"stdcaptchawidth\":\"150\",\"stdcaptchaheight\":\"75\",\"stdcaptchafont\":\"-1\",\"stdcaptchafontmin\":\"14\",\"stdcaptchafontmax\":\"20\",\"stdcaptchaangle\":\"20\",\"stdcaptcha_backgroundcolor\":\"#ffffff\",\"stdcaptcha_textcolor\":\"#191919\",\"stdcaptcha_disturbcolor\":\"#c8c8c8\",\"layout\":\"_:default\",\"stylesheet\":\"neon.css\",\"moduleclass_sfx\":\"\",\"acymailing\":\"0\",\"acymailing_checkboxes\":\"hidden|hidden\",\"acymailing_auto_checked\":\"0\",\"jnews\":\"0\",\"jnews_checkboxes\":\"hidden|hidden\",\"jnews_auto_checked\":\"0\",\"othernewsletters\":\"1\"}', '0', '*');
DROP TABLE IF EXISTS `sdc98_modules_menu`;
CREATE TABLE `sdc98_modules_menu` (   `moduleid` int(11) NOT NULL DEFAULT '0',   `menuid` int(11) NOT NULL DEFAULT '0',   PRIMARY KEY (`moduleid`,`menuid`) ) ENGINE=InnoDB DEFAULT CHARSET=utf8;
INSERT INTO `sdc98_modules_menu`  VALUES ('1', '0'), ('2', '0'), ('3', '0'), ('4', '0'), ('6', '0'), ('7', '0'), ('8', '0'), ('9', '0'), ('10', '0'), ('12', '0'), ('13', '0'), ('14', '0'), ('15', '0'), ('16', '0'), ('17', '0'), ('79', '0'), ('86', '0'), ('90', '0'), ('92', '0');
DROP TABLE IF EXISTS `sdc98_newsfeeds`;
CREATE TABLE `sdc98_newsfeeds` (   `catid` int(11) NOT NULL DEFAULT '0',   `id` int(10) unsigned NOT NULL AUTO_INCREMENT,   `name` varchar(100) NOT NULL DEFAULT '',   `alias` varchar(255) CHARACTER SET utf8 COLLATE utf8_bin NOT NULL DEFAULT '',   `link` varchar(200) NOT NULL DEFAULT '',   `filename` varchar(200) DEFAULT NULL,   `published` tinyint(1) NOT NULL DEFAULT '0',   `numarticles` int(10) unsigned NOT NULL DEFAULT '1',   `cache_time` int(10) unsigned NOT NULL DEFAULT '3600',   `checked_out` int(10) unsigned NOT NULL DEFAULT '0',   `checked_out_time` datetime NOT NULL DEFAULT '0000-00-00 00:00:00',   `ordering` int(11) NOT NULL DEFAULT '0',   `rtl` tinyint(4) NOT NULL DEFAULT '0',   `access` int(10) unsigned NOT NULL DEFAULT '0',   `language` char(7) NOT NULL DEFAULT '',   `params` text NOT NULL,   `created` datetime NOT NULL DEFAULT '0000-00-00 00:00:00',   `created_by` int(10) unsigned NOT NULL DEFAULT '0',   `created_by_alias` varchar(255) NOT NULL DEFAULT '',   `modified` datetime NOT NULL DEFAULT '0000-00-00 00:00:00',   `modified_by` int(10) unsigned NOT NULL DEFAULT '0',   `metakey` text NOT NULL,   `metadesc` text NOT NULL,   `metadata` text NOT NULL,   `xreference` varchar(50) NOT NULL COMMENT 'A reference to enable linkages to external data sets.',   `publish_up` datetime NOT NULL DEFAULT '0000-00-00 00:00:00',   `publish_down` datetime NOT NULL DEFAULT '0000-00-00 00:00:00',   PRIMARY KEY (`id`),   KEY `idx_access` (`access`),   KEY `idx_checkout` (`checked_out`),   KEY `idx_state` (`published`),   KEY `idx_catid` (`catid`),   KEY `idx_createdby` (`created_by`),   KEY `idx_language` (`language`),   KEY `idx_xreference` (`xreference`) ) ENGINE=InnoDB DEFAULT CHARSET=utf8;
DROP TABLE IF EXISTS `sdc98_overrider`;
CREATE TABLE `sdc98_overrider` (   `id` int(10) NOT NULL AUTO_INCREMENT COMMENT 'Primary Key',   `constant` varchar(255) NOT NULL,   `string` text NOT NULL,   `file` varchar(255) NOT NULL,   PRIMARY KEY (`id`) ) ENGINE=InnoDB DEFAULT CHARSET=utf8;
DROP TABLE IF EXISTS `sdc98_redirect_links`;
CREATE TABLE `sdc98_redirect_links` (   `id` int(10) unsigned NOT NULL AUTO_INCREMENT,   `old_url` varchar(255) NOT NULL,   `new_url` varchar(255) NOT NULL,   `referer` varchar(150) NOT NULL,   `comment` varchar(255) NOT NULL,   `hits` int(10) unsigned NOT NULL DEFAULT '0',   `published` tinyint(4) NOT NULL,   `created_date` datetime NOT NULL DEFAULT '0000-00-00 00:00:00',   `modified_date` datetime NOT NULL DEFAULT '0000-00-00 00:00:00',   PRIMARY KEY (`id`),   UNIQUE KEY `idx_link_old` (`old_url`),   KEY `idx_link_modifed` (`modified_date`) ) ENGINE=InnoDB DEFAULT CHARSET=utf8;
DROP TABLE IF EXISTS `sdc98_schemas`;
CREATE TABLE `sdc98_schemas` (   `extension_id` int(11) NOT NULL,   `version_id` varchar(20) NOT NULL,   PRIMARY KEY (`extension_id`,`version_id`) ) ENGINE=InnoDB DEFAULT CHARSET=utf8;
INSERT INTO `sdc98_schemas`  VALUES ('700', '2.5.22'), ('10014', '1.9.0');
DROP TABLE IF EXISTS `sdc98_session`;
CREATE TABLE `sdc98_session` (   `session_id` varchar(200) NOT NULL DEFAULT '',   `client_id` tinyint(3) unsigned NOT NULL DEFAULT '0',   `guest` tinyint(4) unsigned DEFAULT '1',   `time` varchar(14) DEFAULT '',   `data` mediumtext,   `userid` int(11) DEFAULT '0',   `username` varchar(150) DEFAULT '',   `usertype` varchar(50) DEFAULT '',   PRIMARY KEY (`session_id`),   KEY `whosonline` (`guest`,`usertype`),   KEY `userid` (`userid`),   KEY `time` (`time`) ) ENGINE=InnoDB DEFAULT CHARSET=utf8;
DROP TABLE IF EXISTS `sdc98_template_styles`;
CREATE TABLE `sdc98_template_styles` (   `id` int(10) unsigned NOT NULL AUTO_INCREMENT,   `template` varchar(50) NOT NULL DEFAULT '',   `client_id` tinyint(1) unsigned NOT NULL DEFAULT '0',   `home` char(7) NOT NULL DEFAULT '0',   `title` varchar(255) NOT NULL DEFAULT '',   `params` text NOT NULL,   PRIMARY KEY (`id`),   KEY `idx_template` (`template`),   KEY `idx_home` (`home`) ) ENGINE=InnoDB AUTO_INCREMENT=8 DEFAULT CHARSET=utf8;
INSERT INTO `sdc98_template_styles`  VALUES ('2', 'bluestork', '1', '1', 'Bluestork - Default', '{\"useRoundedCorners\":\"1\",\"showSiteName\":\"0\"}'), ('3', 'atomic', '0', '0', 'Atomic - Default', '{}'), ('4', 'beez_20', '0', '0', 'Beez2 - Default', '{\"wrapperSmall\":\"53\",\"wrapperLarge\":\"72\",\"logo\":\"images\\/joomla_black.gif\",\"sitetitle\":\"Joomla!\",\"sitedescription\":\"Open Source Content Management\",\"navposition\":\"left\",\"templatecolor\":\"personal\",\"html5\":\"0\"}'), ('5', 'hathor', '1', '0', 'Hathor - Default', '{\"showSiteName\":\"0\",\"colourChoice\":\"\",\"boldText\":\"0\"}'), ('6', 'beez5', '0', '0', 'Beez5 - Default', '{\"wrapperSmall\":\"53\",\"wrapperLarge\":\"72\",\"logo\":\"images\\/sampledata\\/fruitshop\\/fruits.gif\",\"sitetitle\":\"Joomla!\",\"sitedescription\":\"Open Source Content Management\",\"navposition\":\"left\",\"html5\":\"0\"}'), ('7', 'printsolution', '0', '1', 'printsolution - По умолчанию', '{}');
DROP TABLE IF EXISTS `sdc98_update_categories`;
CREATE TABLE `sdc98_update_categories` (   `categoryid` int(11) NOT NULL AUTO_INCREMENT,   `name` varchar(20) DEFAULT '',   `description` text NOT NULL,   `parent` int(11) DEFAULT '0',   `updatesite` int(11) DEFAULT '0',   PRIMARY KEY (`categoryid`) ) ENGINE=InnoDB DEFAULT CHARSET=utf8 COMMENT='Update Categories';
DROP TABLE IF EXISTS `sdc98_update_sites`;
CREATE TABLE `sdc98_update_sites` (   `update_site_id` int(11) NOT NULL AUTO_INCREMENT,   `name` varchar(100) DEFAULT '',   `type` varchar(20) DEFAULT '',   `location` text NOT NULL,   `enabled` int(11) DEFAULT '0',   `last_check_timestamp` bigint(20) DEFAULT '0',   PRIMARY KEY (`update_site_id`) ) ENGINE=InnoDB AUTO_INCREMENT=6 DEFAULT CHARSET=utf8 COMMENT='Update Sites';
INSERT INTO `sdc98_update_sites`  VALUES ('1', 'Joomla Core', 'collection', 'http://update.joomla.org/core/list.xml', '1', '1405943273'), ('2', 'Joomla Extension Directory', 'collection', 'http://update.joomla.org/jed/list.xml', '1', '1405943273'), ('3', 'Accredited Joomla! Translations', 'collection', 'http://update.joomla.org/language/translationlist.xml', '1', '1405943273'), ('4', 'Foxcontact update site', 'extension', 'http://www.fox.ra.it/phocadownload/foxcontact.xml', '1', '1405943272'), ('5', 'Akeeba Backup Core', 'extension', 'http://cdn.akeebabackup.com/updates/abcore.xml', '1', '1405943454');
DROP TABLE IF EXISTS `sdc98_update_sites_extensions`;
CREATE TABLE `sdc98_update_sites_extensions` (   `update_site_id` int(11) NOT NULL DEFAULT '0',   `extension_id` int(11) NOT NULL DEFAULT '0',   PRIMARY KEY (`update_site_id`,`extension_id`) ) ENGINE=InnoDB DEFAULT CHARSET=utf8 COMMENT='Links extensions to update sites';
INSERT INTO `sdc98_update_sites_extensions`  VALUES ('1', '700'), ('2', '700'), ('3', '600'), ('4', '10014'), ('5', '10015');
DROP TABLE IF EXISTS `sdc98_updates`;
CREATE TABLE `sdc98_updates` (   `update_id` int(11) NOT NULL AUTO_INCREMENT,   `update_site_id` int(11) DEFAULT '0',   `extension_id` int(11) DEFAULT '0',   `categoryid` int(11) DEFAULT '0',   `name` varchar(100) DEFAULT '',   `description` text NOT NULL,   `element` varchar(100) DEFAULT '',   `type` varchar(20) DEFAULT '',   `folder` varchar(20) DEFAULT '',   `client_id` tinyint(3) DEFAULT '0',   `version` varchar(10) DEFAULT '',   `data` text NOT NULL,   `detailsurl` text NOT NULL,   `infourl` text NOT NULL,   PRIMARY KEY (`update_id`) ) ENGINE=InnoDB AUTO_INCREMENT=65 DEFAULT CHARSET=utf8 COMMENT='Available Updates';
INSERT INTO `sdc98_updates`  VALUES ('2', '3', '0', '0', 'Armenian', '', 'pkg_hy-AM', 'package', '', '0', '2.5.8.1', '', 'http://update.joomla.org/language/details/hy-AM_details.xml', ''), ('3', '3', '0', '0', 'Bahasa Indonesia', '', 'pkg_id-ID', 'package', '', '0', '2.5.20.1', '', 'http://update.joomla.org/language/details/id-ID_details.xml', ''), ('4', '3', '0', '0', 'Danish', '', 'pkg_da-DK', 'package', '', '0', '2.5.20.1', '', 'http://update.joomla.org/language/details/da-DK_details.xml', ''), ('5', '3', '0', '0', 'Khmer', '', 'pkg_km-KH', 'package', '', '0', '2.5.7.1', '', 'http://update.joomla.org/language/details/km-KH_details.xml', ''), ('6', '3', '0', '0', 'Swedish', '', 'pkg_sv-SE', 'package', '', '0', '2.5.10.1', '', 'http://update.joomla.org/language/details/sv-SE_details.xml', ''), ('7', '3', '0', '0', 'Hungarian', '', 'pkg_hu-HU', 'package', '', '0', '2.5.14.1', '', 'http://update.joomla.org/language/details/hu-HU_details.xml', ''), ('8', '3', '0', '0', 'Bulgarian', '', 'pkg_bg-BG', 'package', '', '0', '2.5.7.1', '', 'http://update.joomla.org/language/details/bg-BG_details.xml', ''), ('9', '3', '0', '0', 'French', '', 'pkg_fr-FR', 'package', '', '0', '2.5.22.1', '', 'http://update.joomla.org/language/details/fr-FR_details.xml', ''), ('10', '3', '0', '0', 'Italian', '', 'pkg_it-IT', 'package', '', '0', '2.5.22.1', '', 'http://update.joomla.org/language/details/it-IT_details.xml', ''), ('11', '3', '0', '0', 'Spanish', '', 'pkg_es-ES', 'package', '', '0', '2.5.20.1', '', 'http://update.joomla.org/language/details/es-ES_details.xml', ''), ('12', '3', '0', '0', 'Dutch', '', 'pkg_nl-NL', 'package', '', '0', '2.5.22.1', '', 'http://update.joomla.org/language/details/nl-NL_details.xml', ''), ('13', '3', '0', '0', 'Turkish', '', 'pkg_tr-TR', 'package', '', '0', '2.5.20.1', '', 'http://update.joomla.org/language/details/tr-TR_details.xml', ''), ('14', '3', '0', '0', 'Ukrainian', '', 'pkg_uk-UA', 'package', '', '0', '2.5.13.11', '', 'http://update.joomla.org/language/details/uk-UA_details.xml', ''), ('15', '3', '0', '0', 'Slovak', '', 'pkg_sk-SK', 'package', '', '0', '2.5.22.1', '', 'http://update.joomla.org/language/details/sk-SK_details.xml', ''), ('16', '3', '0', '0', 'Belarusian', '', 'pkg_be-BY', 'package', '', '0', '2.5.8.1', '', 'http://update.joomla.org/language/details/be-BY_details.xml', ''), ('17', '3', '0', '0', 'Latvian', '', 'pkg_lv-LV', 'package', '', '0', '2.5.22.1', '', 'http://update.joomla.org/language/details/lv-LV_details.xml', ''), ('18', '3', '0', '0', 'Estonian', '', 'pkg_et-EE', 'package', '', '0', '2.5.21.1', '', 'http://update.joomla.org/language/details/et-EE_details.xml', ''), ('19', '3', '0', '0', 'Romanian', '', 'pkg_ro-RO', 'package', '', '0', '2.5.11.1', '', 'http://update.joomla.org/language/details/ro-RO_details.xml', ''), ('20', '3', '0', '0', 'Flemish', '', 'pkg_nl-BE', 'package', '', '0', '2.5.22.1', '', 'http://update.joomla.org/language/details/nl-BE_details.xml', ''), ('21', '3', '0', '0', 'Macedonian', '', 'pkg_mk-MK', 'package', '', '0', '2.5.20.1', '', 'http://update.joomla.org/language/details/mk-MK_details.xml', ''), ('22', '3', '0', '0', 'Japanese', '', 'pkg_ja-JP', 'package', '', '0', '2.5.22.1', '', 'http://update.joomla.org/language/details/ja-JP_details.xml', ''), ('23', '3', '0', '0', 'Serbian Latin', '', 'pkg_sr-YU', 'package', '', '0', '2.5.20.1', '', 'http://update.joomla.org/language/details/sr-YU_details.xml', ''), ('24', '3', '0', '0', 'Arabic Unitag', '', 'pkg_ar-AA', 'package', '', '0', '2.5.21.1', '', 'http://update.joomla.org/language/details/ar-AA_details.xml', ''), ('25', '3', '0', '0', 'German', '', 'pkg_de-DE', 'package', '', '0', '2.5.22.1', '', 'http://update.joomla.org/language/details/de-DE_details.xml', ''), ('26', '3', '0', '0', 'Norwegian Bokmal', '', 'pkg_nb-NO', 'package', '', '0', '2.5.16.1', '', 'http://update.joomla.org/language/details/nb-NO_details.xml', ''), ('27', '3', '0', '0', 'English AU', '', 'pkg_en-AU', 'package', '', '0', '2.5.22.1', '', 'http://update.joomla.org/language/details/en-AU_details.xml', ''), ('28', '3', '0', '0', 'English US', '', 'pkg_en-US', 'package', '', '0', '2.5.22.1', '', 'http://update.joomla.org/language/details/en-US_details.xml', ''), ('29', '3', '0', '0', 'Serbian Cyrillic', '', 'pkg_sr-RS', 'package', '', '0', '2.5.20.1', '', 'http://update.joomla.org/language/details/sr-RS_details.xml', ''), ('30', '3', '0', '0', 'Lithuanian', '', 'pkg_lt-LT', 'package', '', '0', '2.5.7.1', '', 'http://update.joomla.org/language/details/lt-LT_details.xml', ''), ('31', '3', '0', '0', 'Albanian', '', 'pkg_sq-AL', 'package', '', '0', '2.5.1.5', '', 'http://update.joomla.org/language/details/sq-AL_details.xml', ''), ('32', '3', '0', '0', 'Czech', '', 'pkg_cs-CZ', 'package', '', '0', '2.5.22.1', '', 'http://update.joomla.org/language/details/cs-CZ_details.xml', ''), ('33', '3', '0', '0', 'Persian', '', 'pkg_fa-IR', 'package', '', '0', '2.5.22.1', '', 'http://update.joomla.org/language/details/fa-IR_details.xml', ''), ('34', '3', '0', '0', 'Galician', '', 'pkg_gl-ES', 'package', '', '0', '2.5.7.4', '', 'http://update.joomla.org/language/details/gl-ES_details.xml', ''), ('35', '3', '0', '0', 'Polish', '', 'pkg_pl-PL', 'package', '', '0', '2.5.22.1', '', 'http://update.joomla.org/language/details/pl-PL_details.xml', ''), ('36', '3', '0', '0', 'Syriac', '', 'pkg_sy-IQ', 'package', '', '0', '2.5.19.1', '', 'http://update.joomla.org/language/details/sy-IQ_details.xml', ''), ('37', '3', '0', '0', 'Portuguese', '', 'pkg_pt-PT', 'package', '', '0', '2.5.8.1', '', 'http://update.joomla.org/language/details/pt-PT_details.xml', ''), ('38', '3', '0', '0', 'Russian', '', 'pkg_ru-RU', 'package', '', '0', '2.5.22.1', '', 'http://update.joomla.org/language/details/ru-RU_details.xml', ''), ('39', '3', '0', '0', 'Hebrew', '', 'pkg_he-IL', 'package', '', '0', '2.5.7.1', '', 'http://update.joomla.org/language/details/he-IL_details.xml', ''), ('40', '3', '0', '0', 'Catalan', '', 'pkg_ca-ES', 'package', '', '0', '2.5.21.1', '', 'http://update.joomla.org/language/details/ca-ES_details.xml', ''), ('41', '3', '0', '0', 'Laotian', '', 'pkg_lo-LA', 'package', '', '0', '2.5.6.1', '', 'http://update.joomla.org/language/details/lo-LA_details.xml', ''), ('42', '3', '0', '0', 'Afrikaans', '', 'pkg_af-ZA', 'package', '', '0', '2.5.16.1', '', 'http://update.joomla.org/language/details/af-ZA_details.xml', ''), ('43', '3', '0', '0', 'Chinese Simplified', '', 'pkg_zh-CN', 'package', '', '0', '2.5.20.1', '', 'http://update.joomla.org/language/details/zh-CN_details.xml', ''), ('44', '3', '0', '0', 'Greek', '', 'pkg_el-GR', 'package', '', '0', '2.5.6.1', '', 'http://update.joomla.org/language/details/el-GR_details.xml', ''), ('45', '3', '0', '0', 'Finnish', '', 'pkg_fi-FI', 'package', '', '0', '2.5.20.1', '', 'http://update.joomla.org/language/details/fi-FI_details.xml', ''), ('46', '3', '0', '0', 'Portuguese Brazil', '', 'pkg_pt-BR', 'package', '', '0', '2.5.9.1', '', 'http://update.joomla.org/language/details/pt-BR_details.xml', ''), ('47', '3', '0', '0', 'Chinese Traditional', '', 'pkg_zh-TW', 'package', '', '0', '2.5.19.1', '', 'http://update.joomla.org/language/details/zh-TW_details.xml', ''), ('48', '3', '0', '0', 'Vietnamese', '', 'pkg_vi-VN', 'package', '', '0', '2.5.8.1', '', 'http://update.joomla.org/language/details/vi-VN_details.xml', ''), ('49', '3', '0', '0', 'Kurdish Sorani', '', 'pkg_ckb-IQ', 'package', '', '0', '2.5.9.1', '', 'http://update.joomla.org/language/details/ckb-IQ_details.xml', ''), ('50', '3', '0', '0', 'Bengali', '', 'pkg_bn-BD', 'package', '', '0', '2.5.0.1', '', 'http://update.joomla.org/language/details/bn-BD_details.xml', ''), ('51', '3', '0', '0', 'Bosnian', '', 'pkg_bs-BA', 'package', '', '0', '2.5.22.1', '', 'http://update.joomla.org/language/details/bs-BA_details.xml', ''), ('52', '3', '0', '0', 'Croatian', '', 'pkg_hr-HR', 'package', '', '0', '2.5.13.1', '', 'http://update.joomla.org/language/details/hr-HR_details.xml', ''), ('53', '3', '0', '0', 'Azeri', '', 'pkg_az-AZ', 'package', '', '0', '2.5.7.1', '', 'http://update.joomla.org/language/details/az-AZ_details.xml', ''), ('54', '3', '0', '0', 'Norwegian Nynorsk', '', 'pkg_nn-NO', 'package', '', '0', '2.5.8.1', '', 'http://update.joomla.org/language/details/nn-NO_details.xml', ''), ('55', '3', '0', '0', 'Tamil India', '', 'pkg_ta-IN', 'package', '', '0', '2.5.22.1', '', 'http://update.joomla.org/language/details/ta-IN_details.xml', ''), ('56', '3', '0', '0', 'Scottish Gaelic', '', 'pkg_gd-GB', 'package', '', '0', '2.5.7.1', '', 'http://update.joomla.org/language/details/gd-GB_details.xml', ''), ('57', '3', '0', '0', 'Thai', '', 'pkg_th-TH', 'package', '', '0', '2.5.21.1', '', 'http://update.joomla.org/language/details/th-TH_details.xml', ''), ('58', '3', '0', '0', 'Basque', '', 'pkg_eu-ES', 'package', '', '0', '1.7.0.1', '', 'http://update.joomla.org/language/details/eu-ES_details.xml', ''), ('59', '3', '0', '0', 'Uyghur', '', 'pkg_ug-CN', 'package', '', '0', '2.5.7.2', '', 'http://update.joomla.org/language/details/ug-CN_details.xml', ''), ('60', '3', '0', '0', 'Korean', '', 'pkg_ko-KR', 'package', '', '0', '2.5.11.1', '', 'http://update.joomla.org/language/details/ko-KR_details.xml', ''), ('61', '3', '0', '0', 'Hindi', '', 'pkg_hi-IN', 'package', '', '0', '2.5.6.1', '', 'http://update.joomla.org/language/details/hi-IN_details.xml', ''), ('62', '3', '0', '0', 'Welsh', '', 'pkg_cy-GB', 'package', '', '0', '2.5.6.1', '', 'http://update.joomla.org/language/details/cy-GB_details.xml', ''), ('63', '3', '0', '0', 'Swahili', '', 'pkg_sw-KE', 'package', '', '0', '2.5.21.1', '', 'http://update.joomla.org/language/details/sw-KE_details.xml', ''), ('64', '5', '10015', '0', 'Akeeba Backup Core', 'Akeeba Backup Core', 'com_akeeba', 'component', '', '1', '3.11.3', '', 'http://cdn.akeebabackup.com/updates/abcore.xml', 'https://www.akeebabackup.com/component/ars/?view=release&id=1863');
DROP TABLE IF EXISTS `sdc98_user_notes`;
CREATE TABLE `sdc98_user_notes` (   `id` int(10) unsigned NOT NULL AUTO_INCREMENT,   `user_id` int(10) unsigned NOT NULL DEFAULT '0',   `catid` int(10) unsigned NOT NULL DEFAULT '0',   `subject` varchar(100) NOT NULL DEFAULT '',   `body` text NOT NULL,   `state` tinyint(3) NOT NULL DEFAULT '0',   `checked_out` int(10) unsigned NOT NULL DEFAULT '0',   `checked_out_time` datetime NOT NULL DEFAULT '0000-00-00 00:00:00',   `created_user_id` int(10) unsigned NOT NULL DEFAULT '0',   `created_time` datetime NOT NULL DEFAULT '0000-00-00 00:00:00',   `modified_user_id` int(10) unsigned NOT NULL,   `modified_time` datetime NOT NULL DEFAULT '0000-00-00 00:00:00',   `review_time` datetime NOT NULL DEFAULT '0000-00-00 00:00:00',   `publish_up` datetime NOT NULL DEFAULT '0000-00-00 00:00:00',   `publish_down` datetime NOT NULL DEFAULT '0000-00-00 00:00:00',   PRIMARY KEY (`id`),   KEY `idx_user_id` (`user_id`),   KEY `idx_category_id` (`catid`) ) ENGINE=InnoDB DEFAULT CHARSET=utf8;
DROP TABLE IF EXISTS `sdc98_user_profiles`;
CREATE TABLE `sdc98_user_profiles` (   `user_id` int(11) NOT NULL,   `profile_key` varchar(100) NOT NULL,   `profile_value` varchar(255) NOT NULL,   `ordering` int(11) NOT NULL DEFAULT '0',   UNIQUE KEY `idx_user_id_profile_key` (`user_id`,`profile_key`) ) ENGINE=InnoDB DEFAULT CHARSET=utf8 COMMENT='Simple user profile storage table';
DROP TABLE IF EXISTS `sdc98_user_usergroup_map`;
CREATE TABLE `sdc98_user_usergroup_map` (   `user_id` int(10) unsigned NOT NULL DEFAULT '0' COMMENT 'Foreign Key to #__users.id',   `group_id` int(10) unsigned NOT NULL DEFAULT '0' COMMENT 'Foreign Key to #__usergroups.id',   PRIMARY KEY (`user_id`,`group_id`) ) ENGINE=InnoDB DEFAULT CHARSET=utf8;
INSERT INTO `sdc98_user_usergroup_map`  VALUES ('643', '8');
DROP TABLE IF EXISTS `sdc98_usergroups`;
CREATE TABLE `sdc98_usergroups` (   `id` int(10) unsigned NOT NULL AUTO_INCREMENT COMMENT 'Primary Key',   `parent_id` int(10) unsigned NOT NULL DEFAULT '0' COMMENT 'Adjacency List Reference Id',   `lft` int(11) NOT NULL DEFAULT '0' COMMENT 'Nested set lft.',   `rgt` int(11) NOT NULL DEFAULT '0' COMMENT 'Nested set rgt.',   `title` varchar(100) NOT NULL DEFAULT '',   PRIMARY KEY (`id`),   UNIQUE KEY `idx_usergroup_parent_title_lookup` (`parent_id`,`title`),   KEY `idx_usergroup_title_lookup` (`title`),   KEY `idx_usergroup_adjacency_lookup` (`parent_id`),   KEY `idx_usergroup_nested_set_lookup` (`lft`,`rgt`)  ) ENGINE=InnoDB AUTO_INCREMENT=9 DEFAULT CHARSET=utf8;
INSERT INTO `sdc98_usergroups`  VALUES ('1', '0', '1', '20', 'Public'), ('2', '1', '6', '17', 'Registered'), ('3', '2', '7', '14', 'Author'), ('4', '3', '8', '11', 'Editor'), ('5', '4', '9', '10', 'Publisher'), ('6', '1', '2', '5', 'Manager'), ('7', '6', '3', '4', 'Administrator'), ('8', '1', '18', '19', 'Super Users');
DROP TABLE IF EXISTS `sdc98_users`;
CREATE TABLE `sdc98_users` (   `id` int(11) NOT NULL AUTO_INCREMENT,   `name` varchar(255) NOT NULL DEFAULT '',   `username` varchar(150) NOT NULL DEFAULT '',   `email` varchar(100) NOT NULL DEFAULT '',   `password` varchar(100) NOT NULL DEFAULT '',   `usertype` varchar(25) NOT NULL DEFAULT '',   `block` tinyint(4) NOT NULL DEFAULT '0',   `sendEmail` tinyint(4) DEFAULT '0',   `registerDate` datetime NOT NULL DEFAULT '0000-00-00 00:00:00',   `lastvisitDate` datetime NOT NULL DEFAULT '0000-00-00 00:00:00',   `activation` varchar(100) NOT NULL DEFAULT '',   `params` text NOT NULL,   `lastResetTime` datetime NOT NULL DEFAULT '0000-00-00 00:00:00' COMMENT 'Date of last password reset',   `resetCount` int(11) NOT NULL DEFAULT '0' COMMENT 'Count of password resets since lastResetTime',   PRIMARY KEY (`id`),   KEY `usertype` (`usertype`),   KEY `idx_name` (`name`),   KEY `idx_block` (`block`),   KEY `username` (`username`),   KEY `email` (`email`) ) ENGINE=InnoDB AUTO_INCREMENT=644 DEFAULT CHARSET=utf8;
INSERT INTO `sdc98_users`  VALUES ('643', 'Super User', 'admin', 'asd@asd.com', '$P$DgTuaj7OFuuLKGiqg9c/Nmu.uvs/kQ/', 'deprecated', '0', '1', '2014-07-17 12:42:54', '2014-07-21 11:47:46', '0', '', '0000-00-00 00:00:00', '0');
DROP TABLE IF EXISTS `sdc98_viewlevels`;
CREATE TABLE `sdc98_viewlevels` (   `id` int(10) unsigned NOT NULL AUTO_INCREMENT COMMENT 'Primary Key',   `title` varchar(100) NOT NULL DEFAULT '',   `ordering` int(11) NOT NULL DEFAULT '0',   `rules` varchar(5120) NOT NULL COMMENT 'JSON encoded access control.',   PRIMARY KEY (`id`),   UNIQUE KEY `idx_assetgroup_title_lookup` (`title`) ) ENGINE=InnoDB AUTO_INCREMENT=4 DEFAULT CHARSET=utf8;
INSERT INTO `sdc98_viewlevels`  VALUES ('1', 'Public', '0', '[1]'), ('2', 'Registered', '1', '[6,2,8]'), ('3', 'Special', '2', '[6,3,8]');
DROP TABLE IF EXISTS `sdc98_weblinks`;
CREATE TABLE `sdc98_weblinks` (   `id` int(10) unsigned NOT NULL AUTO_INCREMENT,   `catid` int(11) NOT NULL DEFAULT '0',   `sid` int(11) NOT NULL DEFAULT '0',   `title` varchar(250) NOT NULL DEFAULT '',   `alias` varchar(255) CHARACTER SET utf8 COLLATE utf8_bin NOT NULL DEFAULT '',   `url` varchar(250) NOT NULL DEFAULT '',   `description` text NOT NULL,   `date` datetime NOT NULL DEFAULT '0000-00-00 00:00:00',   `hits` int(11) NOT NULL DEFAULT '0',   `state` tinyint(1) NOT NULL DEFAULT '0',   `checked_out` int(11) NOT NULL DEFAULT '0',   `checked_out_time` datetime NOT NULL DEFAULT '0000-00-00 00:00:00',   `ordering` int(11) NOT NULL DEFAULT '0',   `archived` tinyint(1) NOT NULL DEFAULT '0',   `approved` tinyint(1) NOT NULL DEFAULT '1',   `access` int(11) NOT NULL DEFAULT '1',   `params` text NOT NULL,   `language` char(7) NOT NULL DEFAULT '',   `created` datetime NOT NULL DEFAULT '0000-00-00 00:00:00',   `created_by` int(10) unsigned NOT NULL DEFAULT '0',   `created_by_alias` varchar(255) NOT NULL DEFAULT '',   `modified` datetime NOT NULL DEFAULT '0000-00-00 00:00:00',   `modified_by` int(10) unsigned NOT NULL DEFAULT '0',   `metakey` text NOT NULL,   `metadesc` text NOT NULL,   `metadata` text NOT NULL,   `featured` tinyint(3) unsigned NOT NULL DEFAULT '0' COMMENT 'Set if link is featured.',   `xreference` varchar(50) NOT NULL COMMENT 'A reference to enable linkages to external data sets.',   `publish_up` datetime NOT NULL DEFAULT '0000-00-00 00:00:00',   `publish_down` datetime NOT NULL DEFAULT '0000-00-00 00:00:00',   PRIMARY KEY (`id`),   KEY `idx_access` (`access`),   KEY `idx_checkout` (`checked_out`),   KEY `idx_state` (`state`),   KEY `idx_catid` (`catid`),   KEY `idx_createdby` (`created_by`),   KEY `idx_featured_catid` (`featured`,`catid`),   KEY `idx_language` (`language`),   KEY `idx_xreference` (`xreference`) ) ENGINE=InnoDB DEFAULT CHARSET=utf8;
DROP TABLE IF EXISTS `sdc98_zoo_application`;
CREATE TABLE `sdc98_zoo_application` (   `id` int(11) NOT NULL AUTO_INCREMENT,   `name` varchar(255) NOT NULL,   `alias` varchar(255) NOT NULL,   `application_group` varchar(255) NOT NULL,   `description` text NOT NULL,   `params` text NOT NULL,   PRIMARY KEY (`id`) ) ENGINE=MyISAM AUTO_INCREMENT=2 DEFAULT CHARSET=utf8;
INSERT INTO `sdc98_zoo_application`  VALUES ('1', 'Продукты', 'produkty', 'jbuniversal', '', ' {\n	\"group\": \"jbuniversal\",\n	\"template\": \"catalog\",\n	\"global.config.yoo_support\": \"0\",\n	\"global.config.rborder\": \"0\",\n	\"global.config.column_heightfix\": \"0\",\n	\"global.config.wrap_item_style\": \"div\",\n	\"global.config.category_image_height\": \"150\",\n	\"global.config.category_image_width\": \"150\",\n	\"global.config.show_feed_link\": \"0\",\n	\"global.config.feed_title\": \"\",\n	\"global.config.alternate_feed_link\": \"\",\n	\"global.config.category_teaser_image_height\": \"50\",\n	\"global.config.category_teaser_image_width\": \"50\",\n	\"global.config.items_per_page\": \"20\",\n	\"global.config.item_order\":  {\n		\"0\": \"_itemname\",\n		\"1\": \"\",\n		\"2\": \"\",\n		\"3\": \"\",\n		\"4\": \"\",\n		\"5\": \"\",\n		\"6\": \"\",\n		\"7\": \"\",\n		\"8\": \"\",\n		\"9\": \"\",\n		\"10\": \"\",\n		\"11\": \"\",\n		\"12\": \"\"\n	},\n	\"global.config.alpha_index\": \"0\",\n	\"global.config.alpha_chars\": \"0\",\n	\"global.config.layout_frontpage\": \"__auto__\",\n	\"global.config.layout_category\": \"__auto__\",\n	\"global.config.layout_subcategory\": \"__auto__\",\n	\"global.config.layout_subcategory_columns\": \"__auto__\",\n	\"global.config.layout_subcategories\": \"__auto__\",\n	\"global.config.layout_items\": \"__auto__\",\n	\"global.config.layout_item_columns\": \"__auto__\",\n	\"global.config.layout_alphaindex\": \"__auto__\",\n	\"global.config.layout_pagination\": \"__auto__\",\n	\"global.config.layout_tag\": \"__auto__\",\n	\"global.config.layout_comments\": \"__auto__\",\n	\"global.config.layout_comment\": \"__auto__\",\n	\"global.config.layout_respond\": \"__auto__\",\n	\"global.config.layout_mysubmissions\": \"__auto__\",\n	\"global.config.layout_administration\": \"__auto__\",\n	\"global.config.layout_submission\": \"__auto__\",\n	\"global.config.lastmodified\": \"1405666871\",\n	\"global.template.show_alpha_index\": \"0\",\n	\"global.template.category_show\": \"1\",\n	\"global.template.category_subtitle\": \"1\",\n	\"global.template.category_teaser_text\": \"1\",\n	\"global.template.category_image\": \"1\",\n	\"global.template.category_image_align\": \"left\",\n	\"global.template.category_text\": \"1\",\n	\"global.template.subcategory_show\": \"1\",\n	\"global.template.subcategory_teaser_text\": \"1\",\n	\"global.template.subcategory_teaser_image\": \"1\",\n	\"global.template.subcategory_teaser_image_align\": \"left\",\n	\"global.template.subcategory_empty\": \"1\",\n	\"global.template.subcategory_cols\": \"1\",\n	\"global.template.subcategory_order\": \"0\",\n	\"global.template.subcategory_items_count_show\": \"1\",\n	\"global.template.subcategory_items_count\": \"5\",\n	\"global.template.item_cols\": \"1\",\n	\"global.template.item_order\": \"0\",\n	\"global.template.item_pagination\": \"1\",\n	\"global.template.lastmodified\": \"1405666871\",\n	\"global.template.item_full_image_align\": \"left\",\n	\"global.template.item_teaser_image_align\": \"left\",\n	\"global.template.item_related_image_align\": \"left\",\n	\"global.template.item_subcategory_item_image_align\": \"left\",\n	\"global.jbzoo_cart_config.enable\": \"0\",\n	\"global.jbzoo_cart_config.auth\": \"0\",\n	\"global.jbzoo_cart_config.submission-id\": \"\",\n	\"global.jbzoo_cart_config.type-layout\": \"\",\n	\"global.jbzoo_cart_config.currency\": \"RUB\",\n	\"global.jbzoo_cart_config.admin-email\": \"\",\n	\"global.jbzoo_cart_config.email-admin-layout\": \"\",\n	\"global.jbzoo_cart_config.email-user-layout\": \"\",\n	\"global.jbzoo_cart_config.element-image\": \"791f1142-2344-40f3-a136-bf3c0d00a2ae\",\n	\"global.jbzoo_cart_config.nopaid-order\": \"0\",\n	\"global.jbzoo_cart_config.payment-enabled\": \"0\",\n	\"global.jbzoo_cart_config.robox-enabled\": \"0\",\n	\"global.jbzoo_cart_config.robox-debug\": \"0\",\n	\"global.jbzoo_cart_config.robox-login\": \"\",\n	\"global.jbzoo_cart_config.robox-password1\": \"\",\n	\"global.jbzoo_cart_config.robox-password2\": \"\",\n	\"global.jbzoo_cart_config.ikassa-enabled\": \"0\",\n	\"global.jbzoo_cart_config.ikassa-shopid\": \"\",\n	\"global.jbzoo_cart_config.ikassa-key\": \"\",\n	\"global.comments.enable_comments\": \"0\",\n	\"global.comments.require_name_and_mail\": \"0\",\n	\"global.comments.registered_users_only\": \"0\",\n	\"global.comments.approved\": \"0\",\n	\"global.comments.time_between_user_posts\": \"120\",\n	\"global.comments.email_notification\": \"\",\n	\"global.comments.email_reply_notification\": \"0\",\n	\"global.comments.avatar\": \"1\",\n	\"global.comments.order\": \"ASC\",\n	\"global.comments.max_depth\": \"5\",\n	\"global.comments.facebook_enable\": \"0\",\n	\"global.comments.facebook_app_id\": \"\",\n	\"global.comments.facebook_app_secret\": \"\",\n	\"global.comments.twitter_enable\": \"0\",\n	\"global.comments.twitter_consumer_key\": \"\",\n	\"global.comments.twitter_consumer_secret\": \"\",\n	\"global.comments.akismet_enable\": \"0\",\n	\"global.comments.akismet_api_key\": \"\",\n	\"global.comments.mollom_enable\": \"0\",\n	\"global.comments.mollom_public_key\": \"\",\n	\"global.comments.mollom_private_key\": \"\",\n	\"global.comments.blacklist\": \"\"\n}');
DROP TABLE IF EXISTS `sdc98_zoo_category`;
CREATE TABLE `sdc98_zoo_category` (   `id` int(11) NOT NULL AUTO_INCREMENT,   `application_id` int(11) NOT NULL,   `name` varchar(255) NOT NULL,   `alias` varchar(255) NOT NULL,   `description` text NOT NULL,   `parent` int(11) NOT NULL,   `ordering` int(11) NOT NULL,   `published` tinyint(1) NOT NULL,   `params` text NOT NULL,   PRIMARY KEY (`id`),   UNIQUE KEY `ALIAS_INDEX` (`alias`),   KEY `PUBLISHED_INDEX` (`published`),   KEY `APPLICATIONID_ID_INDEX` (`application_id`,`published`,`id`),   KEY `APPLICATIONID_ID_INDEX2` (`application_id`,`id`) ) ENGINE=MyISAM DEFAULT CHARSET=utf8;
DROP TABLE IF EXISTS `sdc98_zoo_category_item`;
CREATE TABLE `sdc98_zoo_category_item` (   `category_id` int(11) NOT NULL,   `item_id` int(11) NOT NULL,   PRIMARY KEY (`category_id`,`item_id`),   KEY `ITEMID_INDEX` (`item_id`),   KEY `CATEGORYID_INDEX` (`category_id`) ) ENGINE=MyISAM DEFAULT CHARSET=utf8;
DROP TABLE IF EXISTS `sdc98_zoo_comment`;
CREATE TABLE `sdc98_zoo_comment` (   `id` int(11) NOT NULL AUTO_INCREMENT,   `parent_id` int(11) NOT NULL,   `item_id` int(11) NOT NULL,   `user_id` varchar(255) NOT NULL,   `user_type` varchar(255) NOT NULL,   `author` varchar(255) NOT NULL,   `email` varchar(255) NOT NULL,   `url` varchar(255) NOT NULL,   `ip` varchar(255) NOT NULL,   `created` datetime NOT NULL,   `content` text NOT NULL,   `state` tinyint(4) NOT NULL,   PRIMARY KEY (`id`),   KEY `STATE_INDEX` (`state`),   KEY `CREATED_INDEX` (`created`),   KEY `ITEMID_INDEX` (`item_id`),   KEY `AUTHOR_INDEX` (`author`),   KEY `ITEMID_STATE_INDEX` (`item_id`,`state`) ) ENGINE=MyISAM DEFAULT CHARSET=utf8;
DROP TABLE IF EXISTS `sdc98_zoo_item`;
CREATE TABLE `sdc98_zoo_item` (   `id` int(11) NOT NULL AUTO_INCREMENT,   `application_id` int(11) NOT NULL,   `type` varchar(255) NOT NULL,   `name` varchar(255) NOT NULL,   `alias` varchar(255) NOT NULL,   `created` datetime NOT NULL,   `modified` datetime NOT NULL,   `modified_by` int(11) NOT NULL,   `publish_up` datetime NOT NULL,   `publish_down` datetime NOT NULL,   `priority` int(11) NOT NULL,   `hits` int(11) NOT NULL,   `state` tinyint(3) NOT NULL,   `access` int(11) NOT NULL,   `created_by` int(11) NOT NULL,   `created_by_alias` varchar(255) NOT NULL,   `searchable` int(11) NOT NULL,   `elements` longtext NOT NULL,   `params` longtext NOT NULL,   PRIMARY KEY (`id`),   UNIQUE KEY `ALIAS_INDEX` (`alias`),   KEY `PUBLISH_INDEX` (`publish_up`,`publish_down`),   KEY `STATE_INDEX` (`state`),   KEY `ACCESS_INDEX` (`access`),   KEY `CREATED_BY_INDEX` (`created_by`),   KEY `NAME_INDEX` (`name`),   KEY `APPLICATIONID_INDEX` (`application_id`),   KEY `TYPE_INDEX` (`type`),   KEY `MULTI_INDEX` (`application_id`,`access`,`state`,`publish_up`,`publish_down`),   KEY `MULTI_INDEX2` (`id`,`access`,`state`,`publish_up`,`publish_down`),   KEY `ID_APPLICATION_INDEX` (`id`,`application_id`),   FULLTEXT KEY `SEARCH_FULLTEXT` (`name`) ) ENGINE=MyISAM AUTO_INCREMENT=6 DEFAULT CHARSET=utf8;
INSERT INTO `sdc98_zoo_item`  VALUES ('1', '1', 'product', 'Сувенирная продукция', 'suvenirnaya-produkciya', '2014-07-18 13:42:45', '2014-07-21 08:39:34', '643', '2014-07-18 13:42:45', '0000-00-00 00:00:00', '0', '26', '1', '1', '643', '', '1', ' {\n	\"f6bf4bf3-98d5-4741-af75-c1985b8728e3\":  {\n		\"0\":  {\n			\"file\": \"images\\/banners\\/back_main.png\",\n			\"title\": \"\",\n			\"link\": \"\",\n			\"target\": \"0\",\n			\"rel\": \"\"\n		}\n	},\n	\"fc498cea-a276-4ce7-9719-50526c5742d7\":  {\n		\"0\":  {\n			\"value\": \"\\u041e\\u0442\\u043a\\u0440\\u043e\\u0439 \\u0441\\u0432\\u043e\\u0439 \\u0441\\u0430\\u0439\\u0442 \\u0437\\u0430\\u043a\\u0430\\u0437\\u043e\\u0432 \\u043d\\u0430 \\u0441\\u0443\\u0432\\u0435\\u043d\\u0438\\u0438\\u0440\\u043d\\u0443\\u044e \\u043f\\u0440\\u043e\\u0434\\u0443\\u043a\\u0446\\u0438\\u044e\"\n		}\n	},\n	\"9f59fe6b-b76d-45f9-8cb7-3413012ae8df\":  {\n		\"0\":  {\n			\"value\": \"<p><span>Lorem ipsum dolor sit amet, consectetur adipiscing elit. Sed posuere molestie lectus ut volutpat. Vivamus et venenatis mauris, posuere placerat ipsum. Proin lacinia orci est, vitae elementum tellus viverra ut. Nunc feugiat magna ac eros elementum aliquet. Nulla at porttitor odio. Quisque sed orci et orci scelerisque semper.Lorem ipsum dolor sit amet, consectetur adipiscing elit. Sed posuere molestie lectus ut volutpat. Vivamus et venenatis mauris, posuere placerat ipsum. Proin lacinia orci est, vitae elementum tellus viverra ut. Nunc feugiat magna ac eros elementum aliquet. Nulla at porttitor odio. Quisque sed orci et orci scelerisque semper<\\/span><\\/p>\\r\\n<p><span>Vivamus et venenatis mauris, posuere placerat ipsum. Proin lacinia orci est, vitae elementum tellus viverra ut<\\/span><\\/p>\"\n		}\n	},\n	\"d1f9817c-a486-446f-91b2-955d8e4a3e6d\":  {\n		\"0\":  {\n			\"value\": \"<p><span>Lorem ipsum dolor sit amet, consectetur adipiscing elit. Sed posuere molestie lectus ut volutpat. Vivamus et venenatis mauris, posuere placerat ipsum. Proin lacinia orci est, vitae elementum tellus viverra ut. Nunc feugiat magna ac eros elementum aliquet. Nulla at porttitor odio. Quisque sed orci et orci scelerisque semper.Lorem ipsum dolor sit amet, consectetur adipiscing elit. Sed posuere molestie lectus ut volutpat. Vivamus et venenatis mauris, posuere placerat ipsum. Proin lacinia orci est, vitae elementum tellus viverra ut. Nunc feugiat magna ac eros elementum aliquet. Nulla at porttitor odio. Quisque sed orci et orci scelerisque semper<\\/span><\\/p>\"\n		}\n	},\n	\"17c85ebf-6a4e-498c-b0e1-5c0a19d59c87\":  {\n		\"0\":  {\n			\"value\": \"<p><span>Lorem ipsum dolor sit amet, consectetur adipiscing elit. Sed posuere molestie lectus ut volutpat. Vivamus et venenatis mauris, posuere placerat ipsum. Proin lacinia orci est, vitae elementum tellus viverra ut. Nunc feugiat magna ac eros elementum aliquet. Nulla at porttitor odio. Quisque sed orci et orci scelerisque semper.Lorem ipsum dolor sit amet, consectetur adipiscing elit. Sed posu\\u00a0orci est, vitae elementum tellus viverra ut. Nunc feugiat magna ac eros elementum aliquet. Nulla at porttitor odio. Quisque sed orci et orci scelerisque semper\\u00a0Vivamus et venenatis mauris, posuere placerat ipsum. Proin lacinia orci est, vitae elementum tellus viverra ut. Nunc feugiat magna ac eros elementum aliquet. Nulla at porttitor odio. Quisque sed orci et orci scelerisque semper<\\/span><\\/p>\"\n		}\n	},\n	\"223ad369-8472-47c6-94e8-18d804cf0f51\":  {\n		\"0\":  {\n			\"value\": \"<p><span>Lorem ipsum dolor sit amet, consectetur adipiscing elit. Sed posuere molestie lectus ut volutpat. Vivamus et venenatis mauris, posuere placerat ipsum. Proin lacinia orci est, vitae elementum tellus viverra ut. Nunc feugiat magna ac eros elementum aliquet. Nulla at porttitor odio. Quisque sed orci et orci scelerisque semper.Lorem ipsum dolor sit amet, consectetur adipiscing elit. Sed posuere molestie lectus ut volutpat. Vivamus et venenatis mauris, posuere placerat ipsum. Proin lacinia orci est, vitae elementum tellus viverra ut. Nunc feugiat magna ac eros elementum aliquet. Nulla at porttitor odio. Quisque sed orci et orci scelerisque semper\\u00a0Vivamus et venenatis mauris, posuere placerat ipsum. Proin lacinia orci est, vitae elementum tellus viverra ut. Nunc feugiat magna ac eros elementum aliquet. Nulla at porttitor odio. Quisque sed orci et orci scelerisque semper<\\/span><\\/p>\"\n		}\n	},\n	\"760604ad-f737-4cb5-9ccd-15f05ed9da19\":  {\n		\"0\":  {\n			\"file\": \"images\\/krywka.png\",\n			\"title\": \"\\u041a\\u0440\\u0443\\u0436\\u043a\\u0438\",\n			\"link\": \"\",\n			\"target\": \"0\",\n			\"rel\": \"\"\n		},\n		\"1\":  {\n			\"file\": \"images\\/krywka.png\",\n			\"title\": \"\\u0424\\u0443\\u0442\\u0431\\u043e\\u043b\\u043a\\u0438\",\n			\"link\": \"\",\n			\"target\": \"0\",\n			\"rel\": \"\"\n		},\n		\"2\":  {\n			\"file\": \"images\\/krywka.png\",\n			\"title\": \"\\u041f\\u043e\\u0434\\u0443\\u0448\\u043a\\u0438\",\n			\"link\": \"\",\n			\"target\": \"0\",\n			\"rel\": \"\"\n		},\n		\"3\":  {\n			\"file\": \"images\\/krywka.png\",\n			\"title\": \"\\u0411\\u0440\\u0435\\u043b\\u043e\\u043a\\u0438\",\n			\"link\": \"\",\n			\"target\": \"0\",\n			\"rel\": \"\"\n		},\n		\"4\":  {\n			\"file\": \"images\\/krywka.png\",\n			\"title\": \"\\u041f\\u0430\\u0437\\u043b\\u044b\",\n			\"link\": \"\",\n			\"target\": \"0\",\n			\"rel\": \"\"\n		},\n		\"5\":  {\n			\"file\": \"images\\/krywka.png\",\n			\"title\": \"\\u041a\\u0440\\u0443\\u0436\\u043a\\u04382\",\n			\"link\": \"\",\n			\"target\": \"0\",\n			\"rel\": \"\"\n		},\n		\"6\":  {\n			\"file\": \"images\\/krywka.png\",\n			\"title\": \"\",\n			\"link\": \"\",\n			\"target\": \"0\",\n			\"rel\": \"\"\n		},\n		\"7\":  {\n			\"file\": \"images\\/krywka.png\",\n			\"title\": \"\\u041f\\u043e\\u0434\\u0443\\u0448\\u043a\\u04382\",\n			\"link\": \"\",\n			\"target\": \"0\",\n			\"rel\": \"\"\n		}\n	},\n	\"991126ed-ac39-4c0d-abc0-b42058a85b6a\":  {\n		\"0\":  {\n			\"value\": \"<h3>\\u041e\\u043d\\u043b\\u0430\\u0439\\u043d \\u0440\\u0435\\u0448\\u0435\\u043d\\u0438\\u0435 \\u0434\\u043b\\u044f \\u0444\\u043e\\u0442\\u043e\\u0446\\u0435\\u043d\\u0442\\u0440\\u043e\\u0432, \\u043f\\u043e\\u043b\\u0438\\u0433\\u0440\\u0430\\u0444\\u0438\\u0447\\u0435\\u0441\\u043a\\u0438\\u0445 \\u0438 \\u0441\\u0443\\u0432\\u0435\\u043d\\u0438\\u0440\\u043d\\u044b\\u0445 \\u043a\\u043e\\u043c\\u043f\\u0430\\u043d\\u0438\\u0439<\\/h3>\\r\\n<p>\\u0417\\u0434\\u0435\\u0441\\u044c \\u0434\\u043e\\u043b\\u0436\\u043d\\u0430 \\u043a\\u0440\\u0430\\u0442\\u043a\\u043e \\u0440\\u0430\\u0441\\u0448\\u0438\\u0444\\u0440\\u043e\\u0432\\u044b\\u0432\\u0430\\u0442\\u044c\\u0441\\u044f \\u0441\\u0443\\u0442\\u044c \\u043f\\u0440\\u0435\\u0434\\u043b\\u043e\\u0436\\u0435\\u043d\\u0438\\u044f + \\u043f\\u0435\\u0440\\u0435\\u0447\\u0438\\u0441\\u043b\\u0435\\u043d\\u0438\\u0435 \\u043a\\u0430\\u043a\\u0438\\u0445-\\u0442\\u043e \\u043a\\u043b\\u044e\\u0447\\u0432\\u044b\\u0445 \\u043f\\u043b\\u044e\\u0449\\u0435\\u043a, \\u043a\\u043e\\u0442\\u043e\\u0440\\u044b\\u0435 \\u043f\\u043e\\u043b\\u0443\\u0447\\u0438\\u0442 \\u043a\\u043b\\u0438\\u0435\\u043d\\u0442. \\u0417\\u0434\\u0435\\u0441\\u044c \\u0434\\u043e\\u043b\\u0436\\u043d\\u0430 \\u043a\\u0440\\u0430\\u0442\\u043a\\u043e \\u0440\\u0430\\u0441\\u0448\\u0438\\u0444\\u0440\\u043e\\u0432\\u044b\\u0432\\u0430\\u0442\\u044c\\u0441\\u044f \\u0441\\u0443\\u0442\\u044c \\u043f\\u0440\\u0435\\u0434\\u043b\\u043e\\u0436\\u0435\\u043d\\u0438\\u044f + \\u043f\\u0435\\u0440\\u0435\\u0447\\u0438\\u0441\\u043b\\u0435\\u043d\\u0438\\u0435 \\u043a\\u0430\\u043a\\u0438\\u0445-\\u0442\\u043e \\u043a\\u043b\\u044e\\u0447\\u0432\\u044b\\u0445 \\u043f\\u043b\\u044e\\u0449\\u0435\\u043a, \\u043a\\u043e\\u0442\\u043e\\u0440\\u044b\\u0435 \\u043f\\u043e\\u043b\\u0443\\u0447\\u0438\\u0442 \\u043a\\u043b\\u0438\\u0435\\u043d\\u0442. \\u0417\\u0434\\u0435\\u0441\\u044c \\u0434\\u043e\\u043b\\u0436\\u043d\\u0430 \\u043a\\u0440\\u0430\\u0442\\u043a\\u043e \\u0440\\u0430\\u0441\\u0448\\u0438\\u0444\\u0440\\u043e\\u0432\\u044b\\u0432\\u0430\\u0442\\u044c\\u0441\\u044f \\u0441\\u0443\\u0442\\u044c \\u043f\\u0440\\u0435\\u0434\\u043b\\u043e \\u0436\\u0435\\u043d\\u0438\\u044f + \\u043f\\u0435\\u0440\\u0435\\u0447\\u0438\\u0441\\u043b\\u0435\\u043d\\u0438\\u0435 \\u043a\\u0430\\u043a\\u0438\\u0445-\\u0442\\u043e \\u043a\\u043b\\u044e\\u0447\\u0432\\u044b\\u0445 \\u043f\\u043b\\u044e\\u0449\\u0435\\u043a, \\u043a\\u043e\\u0442\\u043e\\u0440\\u044b\\u0435 \\u043f\\u043e\\u043b\\u0443\\u0447\\u0438\\u0442 \\u043a\\u043b\\u0438\\u0435\\u043d\\u0442.<\\/p>\"\n		}\n	},\n	\"6ae4eff9-ae4d-4d81-843d-e410772c6216\":  {\n		\"0\":  {\n			\"value\": \"<h3>\\u041b\\u044e\\u0431\\u044b\\u0435 \\u0432\\u0438\\u0434\\u044b \\u0441\\u0443\\u0432\\u0435\\u043d\\u0438\\u0440\\u043d\\u043e\\u0439 \\u043f\\u0440\\u043e\\u0434\\u0443\\u043a\\u0446\\u0438\\u0438<\\/h3>\\r\\n<p>Lorem ipsum dolor sit amet, consectetur adipiscing elit. Sed posuere molestie lectus ut volutpat. Vivamus et venenatis mauris, posuere placerat ipsum. Proin lacinia orci est, vitae elementum tellus viverra ut. Nunc feugiat magna ac eros elementum aliquet. Nulla at porttitor odio. Quisque sed orci et orci scelerisque semper.<\\/p>\"\n		}\n	},\n	\"9d84de56-17b7-4a77-8fb0-830b550e0326\":  {\n		\"item\":  {\n			\"0\": \"2\",\n			\"1\": \"3\",\n			\"2\": \"5\",\n			\"3\": \"4\"\n		}\n	}\n}', ' {\n	\"metadata.title\": \"\",\n	\"metadata.description\": \"\",\n	\"metadata.keywords\": \"\",\n	\"metadata.robots\": \"\",\n	\"metadata.author\": \"\",\n	\"config.enable_comments\": \"1\",\n	\"config.primary_category\": \"\"\n}'), ('2', '1', 'otzyv', 'Вася Пупкин', 'vasya-pupkin', '2014-07-21 08:07:17', '2014-07-21 08:09:27', '643', '2014-07-21 08:07:17', '0000-00-00 00:00:00', '0', '0', '1', '1', '643', '', '1', ' {\n	\"f1d24f49-b005-445a-ba39-464495584b28\":  {\n		\"0\":  {\n			\"file\": \"images\\/boy.png\",\n			\"title\": \"\",\n			\"link\": \"\",\n			\"target\": \"0\",\n			\"rel\": \"\"\n		}\n	},\n	\"40edc4ec-c691-4ac7-95a3-a6f6a00ff962\":  {\n		\"0\":  {\n			\"value\": \"\\u0433\\u0435\\u043d\\u0435\\u0440\\u0430\\u043b\\u044c\\u043d\\u044b\\u0439 \\u0434\\u0438\\u0440\\u0435\\u043a\\u0442\\u043e\\u0440 \\u00ab\\u041a\\u043e\\u043c\\u043f\\u0430\\u043d\\u0438\\u0438\\u00bb\"\n		}\n	},\n	\"1c850df9-9085-4164-822d-e94fcfd546e7\":  {\n		\"0\":  {\n			\"value\": \"http:\\/\\/www.\\u0441\\u0430\\u0439\\u0442\\u043a\\u043e\\u043c\\u043f\\u0430\\u043d\\u0438\\u0438.\\u0440\\u0443\",\n			\"text\": \"\",\n			\"target\": \"0\",\n			\"custom_title\": \"\",\n			\"rel\": \"\"\n		}\n	},\n	\"f143880c-43d0-4814-9f20-b68f093cc67e\":  {\n		\"0\":  {\n			\"value\": \"<p>Lorem ipsum dolor sit amet, consectetur adipiscing elit. Sed posuere molestie lectusut volutpat. Vivamus et venenatis mauris, posuere placerat ipsum. Proin laciniaorci est, vitae elementum tellus viverra ut. Nunc feugiat magna\\u201d ac eros elementum aliquet. Nulla at porttitor odio. Quisque sed orci et orci scelerisque semper.<\\/p>\"\n		}\n	}\n}', ' {\n	\"metadata.title\": \"\",\n	\"metadata.description\": \"\",\n	\"metadata.keywords\": \"\",\n	\"metadata.robots\": \"\",\n	\"metadata.author\": \"\",\n	\"config.enable_comments\": \"1\",\n	\"config.primary_category\": \"\"\n}'), ('3', '1', 'otzyv', 'Вася Пупкин 2', 'vasya-pupkin-2', '2014-07-21 08:37:19', '2014-07-21 08:38:07', '643', '2014-07-21 08:07:17', '0000-00-00 00:00:00', '0', '0', '1', '1', '643', '', '1', ' {\n	\"f1d24f49-b005-445a-ba39-464495584b28\":  {\n		\"0\":  {\n			\"file\": \"images\\/boy.png\",\n			\"title\": \"\",\n			\"link\": \"\",\n			\"target\": \"0\",\n			\"rel\": \"\"\n		}\n	},\n	\"40edc4ec-c691-4ac7-95a3-a6f6a00ff962\":  {\n		\"0\":  {\n			\"value\": \"\\u0433\\u0435\\u043d\\u0435\\u0440\\u0430\\u043b\\u044c\\u043d\\u044b\\u0439 \\u0434\\u0438\\u0440\\u0435\\u043a\\u0442\\u043e\\u0440 \\u00ab\\u041a\\u043e\\u043c\\u043f\\u0430\\u043d\\u0438\\u0438\\u00bb\"\n		}\n	},\n	\"1c850df9-9085-4164-822d-e94fcfd546e7\":  {\n		\"0\":  {\n			\"value\": \"http:\\/\\/www.\\u0441\\u0430\\u0439\\u0442\\u043a\\u043e\\u043c\\u043f\\u0430\\u043d\\u0438\\u0438.\\u0440\\u0443\",\n			\"text\": \"\",\n			\"target\": \"0\",\n			\"custom_title\": \"\",\n			\"rel\": \"\"\n		}\n	},\n	\"f143880c-43d0-4814-9f20-b68f093cc67e\":  {\n		\"0\":  {\n			\"value\": \"<p>Lorem ipsum dolor sit amet, consectetur adipiscing elit. Sed posuere molestie lectusut volutpat. Vivamus et venenatis mauris, posuere placerat ipsum. Proin laciniaorci est, vitae elementum tellus viverra ut. Nunc feugiat magna\\u201d ac eros elementum aliquet. Nulla at porttitor odio. Quisque sed orci et orci scelerisque semper.<\\/p>\"\n		}\n	}\n}', ' {\n	\"metadata.title\": \"\",\n	\"metadata.description\": \"\",\n	\"metadata.keywords\": \"\",\n	\"metadata.robots\": \"\",\n	\"metadata.author\": \"\",\n	\"config.enable_comments\": \"1\",\n	\"config.primary_category\": \"\"\n}'), ('4', '1', 'otzyv', 'Вася Пупкин 4', 'vasya-pupkin-4', '2014-07-21 08:37:28', '2014-07-21 08:38:46', '643', '2014-07-21 08:07:17', '0000-00-00 00:00:00', '0', '0', '1', '1', '643', '', '1', ' {\n	\"f1d24f49-b005-445a-ba39-464495584b28\":  {\n		\"0\":  {\n			\"file\": \"images\\/boy.png\",\n			\"title\": \"\",\n			\"link\": \"\",\n			\"target\": \"0\",\n			\"rel\": \"\"\n		}\n	},\n	\"40edc4ec-c691-4ac7-95a3-a6f6a00ff962\":  {\n		\"0\":  {\n			\"value\": \"\\u0433\\u0435\\u043d\\u0435\\u0440\\u0430\\u043b\\u044c\\u043d\\u044b\\u0439 \\u0434\\u0438\\u0440\\u0435\\u043a\\u0442\\u043e\\u0440 \\u00ab\\u041a\\u043e\\u043c\\u043f\\u0430\\u043d\\u0438\\u0438\\u00bb\"\n		}\n	},\n	\"1c850df9-9085-4164-822d-e94fcfd546e7\":  {\n		\"0\":  {\n			\"value\": \"http:\\/\\/www.\\u0441\\u0430\\u0439\\u0442\\u043a\\u043e\\u043c\\u043f\\u0430\\u043d\\u0438\\u0438.\\u0440\\u0443\",\n			\"text\": \"\",\n			\"target\": \"0\",\n			\"custom_title\": \"\",\n			\"rel\": \"\"\n		}\n	},\n	\"f143880c-43d0-4814-9f20-b68f093cc67e\":  {\n		\"0\":  {\n			\"value\": \"<p>Lorem ipsum dolor sit amet, consectetur adipiscing elit. Sed posuere molestie lectusut volutpat. Vivamus et venenatis mauris, posuere placerat ipsum. Proin laciniaorci est, vitae elementum tellus viverra ut. Nunc feugiat magna\\u201d ac eros elementum aliquet. Nulla at porttitor odio. Quisque sed orci et orci scelerisque semper.<\\/p>\"\n		}\n	}\n}', ' {\n	\"metadata.title\": \"\",\n	\"metadata.description\": \"\",\n	\"metadata.keywords\": \"\",\n	\"metadata.robots\": \"\",\n	\"metadata.author\": \"\",\n	\"config.enable_comments\": \"1\",\n	\"config.primary_category\": \"\"\n}'), ('5', '1', 'otzyv', 'Вася Пупкин 3', 'vasya-pupkin-3', '2014-07-21 08:37:28', '2014-07-21 08:38:27', '643', '2014-07-21 08:07:17', '0000-00-00 00:00:00', '0', '0', '1', '1', '643', '', '1', ' {\n	\"f1d24f49-b005-445a-ba39-464495584b28\":  {\n		\"0\":  {\n			\"file\": \"images\\/boy.png\",\n			\"title\": \"\",\n			\"link\": \"\",\n			\"target\": \"0\",\n			\"rel\": \"\"\n		}\n	},\n	\"40edc4ec-c691-4ac7-95a3-a6f6a00ff962\":  {\n		\"0\":  {\n			\"value\": \"\\u0433\\u0435\\u043d\\u0435\\u0440\\u0430\\u043b\\u044c\\u043d\\u044b\\u0439 \\u0434\\u0438\\u0440\\u0435\\u043a\\u0442\\u043e\\u0440 \\u00ab\\u041a\\u043e\\u043c\\u043f\\u0430\\u043d\\u0438\\u0438\\u00bb\"\n		}\n	},\n	\"1c850df9-9085-4164-822d-e94fcfd546e7\":  {\n		\"0\":  {\n			\"value\": \"http:\\/\\/www.\\u0441\\u0430\\u0439\\u0442\\u043a\\u043e\\u043c\\u043f\\u0430\\u043d\\u0438\\u0438.\\u0440\\u0443\",\n			\"text\": \"\",\n			\"target\": \"0\",\n			\"custom_title\": \"\",\n			\"rel\": \"\"\n		}\n	},\n	\"f143880c-43d0-4814-9f20-b68f093cc67e\":  {\n		\"0\":  {\n			\"value\": \"<p>Lorem ipsum dolor sit amet, consectetur adipiscing elit. Sed posuere molestie lectusut volutpat. Vivamus et venenatis mauris, posuere placerat ipsum. Proin laciniaorci est, vitae elementum tellus viverra ut. Nunc feugiat magna\\u201d ac eros elementum aliquet. Nulla at porttitor odio. Quisque sed orci et orci scelerisque semper.<\\/p>\"\n		}\n	}\n}', ' {\n	\"metadata.title\": \"\",\n	\"metadata.description\": \"\",\n	\"metadata.keywords\": \"\",\n	\"metadata.robots\": \"\",\n	\"metadata.author\": \"\",\n	\"config.enable_comments\": \"1\",\n	\"config.primary_category\": \"\"\n}');
DROP TABLE IF EXISTS `sdc98_zoo_jbzoo_index`;
CREATE TABLE `sdc98_zoo_jbzoo_index` (   `id` int(11) NOT NULL AUTO_INCREMENT,   `item_id` int(11) NOT NULL,   `element_id` varchar(50) NOT NULL,   `value_number` double DEFAULT NULL,   `value_datetime` datetime DEFAULT NULL,   `value_string` varchar(100) DEFAULT NULL,   PRIMARY KEY (`id`),   KEY `element_id_value_number` (`element_id`,`value_number`),   KEY `element_id_value_datetime` (`element_id`,`value_datetime`),   KEY `value_string` (`value_string`),   KEY `item_id` (`item_id`),   KEY `element_id_value_string` (`element_id`,`value_string`) ) ENGINE=MyISAM AUTO_INCREMENT=243 DEFAULT CHARSET=utf8;
INSERT INTO `sdc98_zoo_jbzoo_index`  VALUES ('242', '1', '_itempublish_up', NULL, '2014-07-18 13:42:45', NULL), ('241', '1', '_itemmodified', NULL, '2014-07-21 08:39:34', NULL), ('239', '1', '_itempublish_up', '2014', NULL, NULL), ('240', '1', '_itemcreated', NULL, '2014-07-18 13:42:45', NULL), ('238', '1', '_itempublish_down', '0', NULL, NULL), ('236', '1', '_itemfrontpage', '0', NULL, NULL), ('237', '1', '_itemmodified', '2014', NULL, NULL), ('233', '1', '_itempublish_up', NULL, NULL, '2014-07-18 13:42:45'), ('234', '1', '_itemauthor', '643', NULL, NULL), ('235', '1', '_itemcreated', '2014', NULL, NULL), ('232', '1', '_itempublish_down', NULL, NULL, '0000-00-00 00:00:00'), ('227', '1', '_itemauthor', NULL, NULL, '643'), ('228', '1', '_itemcreated', NULL, NULL, '2014-07-18 13:42:45'), ('229', '1', '_itemfrontpage', NULL, NULL, '0'), ('230', '1', '_itemmodified', NULL, NULL, '2014-07-21 08:39:34'), ('225', '1', '760604ad-f737-4cb5-9ccd-15f05ed9da19', NULL, NULL, 'Кружки2'), ('231', '1', '_itemname', NULL, NULL, 'Сувенирная продукция'), ('226', '1', '760604ad-f737-4cb5-9ccd-15f05ed9da19', NULL, NULL, 'Подушки2'), ('224', '1', '760604ad-f737-4cb5-9ccd-15f05ed9da19', NULL, NULL, 'Пазлы'), ('223', '1', '760604ad-f737-4cb5-9ccd-15f05ed9da19', NULL, NULL, 'Брелоки'), ('220', '1', '760604ad-f737-4cb5-9ccd-15f05ed9da19', NULL, NULL, 'Кружки'), ('221', '1', '760604ad-f737-4cb5-9ccd-15f05ed9da19', NULL, NULL, 'Футболки'), ('222', '1', '760604ad-f737-4cb5-9ccd-15f05ed9da19', NULL, NULL, 'Подушки'), ('59', '2', '40edc4ec-c691-4ac7-95a3-a6f6a00ff962', NULL, NULL, 'генеральный директор «Компании»'), ('60', '2', '_itemauthor', NULL, NULL, '643'), ('61', '2', '_itemcreated', NULL, NULL, '2014-07-21 08:07:17'), ('62', '2', '_itemfrontpage', NULL, NULL, '0'), ('63', '2', '_itemmodified', NULL, NULL, '2014-07-21 08:09:27'), ('64', '2', '_itemname', NULL, NULL, 'Вася Пупкин'), ('65', '2', '_itempublish_down', NULL, NULL, '0000-00-00 00:00:00'), ('66', '2', '_itempublish_up', NULL, NULL, '2014-07-21 08:07:17'), ('67', '2', '_itemauthor', '643', NULL, NULL), ('68', '2', '_itemcreated', '2014', NULL, NULL), ('69', '2', '_itemfrontpage', '0', NULL, NULL), ('70', '2', '_itemmodified', '2014', NULL, NULL), ('71', '2', '_itempublish_down', '0', NULL, NULL), ('72', '2', '_itempublish_up', '2014', NULL, NULL), ('73', '2', '_itemcreated', NULL, '2014-07-21 08:07:17', NULL), ('74', '2', '_itemmodified', NULL, '2014-07-21 08:09:27', NULL), ('75', '2', '_itempublish_up', NULL, '2014-07-21 08:07:17', NULL), ('219', '1', 'fc498cea-a276-4ce7-9719-50526c5742d7', NULL, NULL, 'Открой свой сайт заказов на сувениирную продукцию'), ('179', '3', '_itemmodified', '2014', NULL, NULL), ('181', '3', '_itempublish_up', '2014', NULL, NULL), ('180', '3', '_itempublish_down', '0', NULL, NULL), ('178', '3', '_itemfrontpage', '0', NULL, NULL), ('177', '3', '_itemcreated', '2014', NULL, NULL), ('176', '3', '_itemauthor', '643', NULL, NULL), ('175', '3', '_itempublish_up', NULL, NULL, '2014-07-21 08:07:17'), ('174', '3', '_itempublish_down', NULL, NULL, '0000-00-00 00:00:00'), ('173', '3', '_itemname', NULL, NULL, 'Вася Пупкин 2'), ('170', '3', '_itemcreated', NULL, NULL, '2014-07-21 08:37:19'), ('171', '3', '_itemfrontpage', NULL, NULL, '0'), ('172', '3', '_itemmodified', NULL, NULL, '2014-07-21 08:38:07'), ('212', '4', '_itemfrontpage', '0', NULL, NULL), ('213', '4', '_itemmodified', '2014', NULL, NULL), ('211', '4', '_itemcreated', '2014', NULL, NULL), ('210', '4', '_itemauthor', '643', NULL, NULL), ('209', '4', '_itempublish_up', NULL, NULL, '2014-07-21 08:07:17'), ('208', '4', '_itempublish_down', NULL, NULL, '0000-00-00 00:00:00'), ('207', '4', '_itemname', NULL, NULL, 'Вася Пупкин 4'), ('206', '4', '_itemmodified', NULL, NULL, '2014-07-21 08:38:46'), ('205', '4', '_itemfrontpage', NULL, NULL, '0'), ('204', '4', '_itemcreated', NULL, NULL, '2014-07-21 08:37:28'), ('203', '4', '_itemauthor', NULL, NULL, '643'), ('202', '4', '40edc4ec-c691-4ac7-95a3-a6f6a00ff962', NULL, NULL, 'генеральный директор «Компании»'), ('195', '5', '_itemfrontpage', '0', NULL, NULL), ('196', '5', '_itemmodified', '2014', NULL, NULL), ('194', '5', '_itemcreated', '2014', NULL, NULL), ('193', '5', '_itemauthor', '643', NULL, NULL), ('192', '5', '_itempublish_up', NULL, NULL, '2014-07-21 08:07:17'), ('191', '5', '_itempublish_down', NULL, NULL, '0000-00-00 00:00:00'), ('190', '5', '_itemname', NULL, NULL, 'Вася Пупкин 3'), ('189', '5', '_itemmodified', NULL, NULL, '2014-07-21 08:38:27'), ('188', '5', '_itemfrontpage', NULL, NULL, '0'), ('187', '5', '_itemcreated', NULL, NULL, '2014-07-21 08:37:28'), ('186', '5', '_itemauthor', NULL, NULL, '643'), ('185', '5', '40edc4ec-c691-4ac7-95a3-a6f6a00ff962', NULL, NULL, 'генеральный директор «Компании»'), ('169', '3', '_itemauthor', NULL, NULL, '643'), ('168', '3', '40edc4ec-c691-4ac7-95a3-a6f6a00ff962', NULL, NULL, 'генеральный директор «Компании»'), ('182', '3', '_itemcreated', NULL, '2014-07-21 08:37:19', NULL), ('183', '3', '_itemmodified', NULL, '2014-07-21 08:38:07', NULL), ('184', '3', '_itempublish_up', NULL, '2014-07-21 08:07:17', NULL), ('197', '5', '_itempublish_down', '0', NULL, NULL), ('198', '5', '_itempublish_up', '2014', NULL, NULL), ('199', '5', '_itemcreated', NULL, '2014-07-21 08:37:28', NULL), ('200', '5', '_itemmodified', NULL, '2014-07-21 08:38:27', NULL), ('201', '5', '_itempublish_up', NULL, '2014-07-21 08:07:17', NULL), ('214', '4', '_itempublish_down', '0', NULL, NULL), ('215', '4', '_itempublish_up', '2014', NULL, NULL), ('216', '4', '_itemcreated', NULL, '2014-07-21 08:37:28', NULL), ('217', '4', '_itemmodified', NULL, '2014-07-21 08:38:46', NULL), ('218', '4', '_itempublish_up', NULL, '2014-07-21 08:07:17', NULL);
DROP TABLE IF EXISTS `sdc98_zoo_rating`;
CREATE TABLE `sdc98_zoo_rating` (   `id` int(11) NOT NULL AUTO_INCREMENT,   `item_id` int(11) DEFAULT NULL,   `element_id` varchar(255) DEFAULT NULL,   `user_id` int(11) DEFAULT NULL,   `value` tinyint(4) DEFAULT NULL,   `ip` varchar(255) DEFAULT NULL,   `created` datetime DEFAULT NULL,   PRIMARY KEY (`id`) ) ENGINE=MyISAM DEFAULT CHARSET=utf8;
DROP TABLE IF EXISTS `sdc98_zoo_search_index`;
CREATE TABLE `sdc98_zoo_search_index` (   `item_id` int(11) NOT NULL,   `element_id` varchar(255) NOT NULL,   `value` text NOT NULL,   PRIMARY KEY (`item_id`,`element_id`),   FULLTEXT KEY `SEARCH_FULLTEXT` (`value`) ) ENGINE=MyISAM DEFAULT CHARSET=utf8;
INSERT INTO `sdc98_zoo_search_index`  VALUES ('1', '6ae4eff9-ae4d-4d81-843d-e410772c6216', 'Любые виды сувенирной продукции\r\nLorem ipsum dolor sit amet, consectetur adipiscing elit. Sed posuere molestie lectus ut volutpat. Vivamus et venenatis mauris, posuere placerat ipsum. Proin lacinia orci est, vitae elementum tellus viverra ut. Nunc feugiat magna ac eros elementum aliquet. Nulla at porttitor odio. Quisque sed orci et orci scelerisque semper.'), ('1', '760604ad-f737-4cb5-9ccd-15f05ed9da19', 'Кружки\nФутболки\nПодушки\nБрелоки\nПазлы\nКружки2\n\nПодушки2'), ('1', '991126ed-ac39-4c0d-abc0-b42058a85b6a', 'Онлайн решение для фотоцентров, полиграфических и сувенирных компаний\r\nЗдесь должна кратко расшифровываться суть предложения + перечисление каких-то ключвых плющек, которые получит клиент. Здесь должна кратко расшифровываться суть предложения + перечисление каких-то ключвых плющек, которые получит клиент. Здесь должна кратко расшифровываться суть предло жения + перечисление каких-то ключвых плющек, которые получит клиент.'), ('1', '223ad369-8472-47c6-94e8-18d804cf0f51', 'Lorem ipsum dolor sit amet, consectetur adipiscing elit. Sed posuere molestie lectus ut volutpat. Vivamus et venenatis mauris, posuere placerat ipsum. Proin lacinia orci est, vitae elementum tellus viverra ut. Nunc feugiat magna ac eros elementum aliquet. Nulla at porttitor odio. Quisque sed orci et orci scelerisque semper.Lorem ipsum dolor sit amet, consectetur adipiscing elit. Sed posuere molestie lectus ut volutpat. Vivamus et venenatis mauris, posuere placerat ipsum. Proin lacinia orci est, vitae elementum tellus viverra ut. Nunc feugiat magna ac eros elementum aliquet. Nulla at porttitor odio. Quisque sed orci et orci scelerisque semper Vivamus et venenatis mauris, posuere placerat ipsum. Proin lacinia orci est, vitae elementum tellus viverra ut. Nunc feugiat magna ac eros elementum aliquet. Nulla at porttitor odio. Quisque sed orci et orci scelerisque semper'), ('1', 'fc498cea-a276-4ce7-9719-50526c5742d7', 'Открой свой сайт заказов на сувениирную продукцию'), ('1', '9f59fe6b-b76d-45f9-8cb7-3413012ae8df', 'Lorem ipsum dolor sit amet, consectetur adipiscing elit. Sed posuere molestie lectus ut volutpat. Vivamus et venenatis mauris, posuere placerat ipsum. Proin lacinia orci est, vitae elementum tellus viverra ut. Nunc feugiat magna ac eros elementum aliquet. Nulla at porttitor odio. Quisque sed orci et orci scelerisque semper.Lorem ipsum dolor sit amet, consectetur adipiscing elit. Sed posuere molestie lectus ut volutpat. Vivamus et venenatis mauris, posuere placerat ipsum. Proin lacinia orci est, vitae elementum tellus viverra ut. Nunc feugiat magna ac eros elementum aliquet. Nulla at porttitor odio. Quisque sed orci et orci scelerisque semper\r\nVivamus et venenatis mauris, posuere placerat ipsum. Proin lacinia orci est, vitae elementum tellus viverra ut'), ('1', 'd1f9817c-a486-446f-91b2-955d8e4a3e6d', 'Lorem ipsum dolor sit amet, consectetur adipiscing elit. Sed posuere molestie lectus ut volutpat. Vivamus et venenatis mauris, posuere placerat ipsum. Proin lacinia orci est, vitae elementum tellus viverra ut. Nunc feugiat magna ac eros elementum aliquet. Nulla at porttitor odio. Quisque sed orci et orci scelerisque semper.Lorem ipsum dolor sit amet, consectetur adipiscing elit. Sed posuere molestie lectus ut volutpat. Vivamus et venenatis mauris, posuere placerat ipsum. Proin lacinia orci est, vitae elementum tellus viverra ut. Nunc feugiat magna ac eros elementum aliquet. Nulla at porttitor odio. Quisque sed orci et orci scelerisque semper'), ('1', '17c85ebf-6a4e-498c-b0e1-5c0a19d59c87', 'Lorem ipsum dolor sit amet, consectetur adipiscing elit. Sed posuere molestie lectus ut volutpat. Vivamus et venenatis mauris, posuere placerat ipsum. Proin lacinia orci est, vitae elementum tellus viverra ut. Nunc feugiat magna ac eros elementum aliquet. Nulla at porttitor odio. Quisque sed orci et orci scelerisque semper.Lorem ipsum dolor sit amet, consectetur adipiscing elit. Sed posu orci est, vitae elementum tellus viverra ut. Nunc feugiat magna ac eros elementum aliquet. Nulla at porttitor odio. Quisque sed orci et orci scelerisque semper Vivamus et venenatis mauris, posuere placerat ipsum. Proin lacinia orci est, vitae elementum tellus viverra ut. Nunc feugiat magna ac eros elementum aliquet. Nulla at porttitor odio. Quisque sed orci et orci scelerisque semper'), ('2', '40edc4ec-c691-4ac7-95a3-a6f6a00ff962', 'генеральный директор «Компании»'), ('2', 'f143880c-43d0-4814-9f20-b68f093cc67e', 'Lorem ipsum dolor sit amet, consectetur adipiscing elit. Sed posuere molestie lectusut volutpat. Vivamus et venenatis mauris, posuere placerat ipsum. Proin laciniaorci est, vitae elementum tellus viverra ut. Nunc feugiat magna” ac eros elementum aliquet. Nulla at porttitor odio. Quisque sed orci et orci scelerisque semper.'), ('3', 'f143880c-43d0-4814-9f20-b68f093cc67e', 'Lorem ipsum dolor sit amet, consectetur adipiscing elit. Sed posuere molestie lectusut volutpat. Vivamus et venenatis mauris, posuere placerat ipsum. Proin laciniaorci est, vitae elementum tellus viverra ut. Nunc feugiat magna” ac eros elementum aliquet. Nulla at porttitor odio. Quisque sed orci et orci scelerisque semper.'), ('4', '40edc4ec-c691-4ac7-95a3-a6f6a00ff962', 'генеральный директор «Компании»'), ('4', 'f143880c-43d0-4814-9f20-b68f093cc67e', 'Lorem ipsum dolor sit amet, consectetur adipiscing elit. Sed posuere molestie lectusut volutpat. Vivamus et venenatis mauris, posuere placerat ipsum. Proin laciniaorci est, vitae elementum tellus viverra ut. Nunc feugiat magna” ac eros elementum aliquet. Nulla at porttitor odio. Quisque sed orci et orci scelerisque semper.'), ('5', '40edc4ec-c691-4ac7-95a3-a6f6a00ff962', 'генеральный директор «Компании»'), ('5', 'f143880c-43d0-4814-9f20-b68f093cc67e', 'Lorem ipsum dolor sit amet, consectetur adipiscing elit. Sed posuere molestie lectusut volutpat. Vivamus et venenatis mauris, posuere placerat ipsum. Proin laciniaorci est, vitae elementum tellus viverra ut. Nunc feugiat magna” ac eros elementum aliquet. Nulla at porttitor odio. Quisque sed orci et orci scelerisque semper.'), ('3', '40edc4ec-c691-4ac7-95a3-a6f6a00ff962', 'генеральный директор «Компании»');
DROP TABLE IF EXISTS `sdc98_zoo_submission`;
CREATE TABLE `sdc98_zoo_submission` (   `id` int(11) NOT NULL AUTO_INCREMENT,   `application_id` int(11) NOT NULL,   `name` varchar(255) NOT NULL,   `alias` varchar(255) NOT NULL,   `state` tinyint(3) NOT NULL,   `access` int(11) NOT NULL,   `params` text NOT NULL,   PRIMARY KEY (`id`),   UNIQUE KEY `ALIAS_INDEX` (`alias`) ) ENGINE=MyISAM DEFAULT CHARSET=utf8;
DROP TABLE IF EXISTS `sdc98_zoo_tag`;
CREATE TABLE `sdc98_zoo_tag` (   `item_id` int(11) NOT NULL,   `name` varchar(255) NOT NULL,   PRIMARY KEY (`item_id`,`name`),   UNIQUE KEY `NAME_ITEMID_INDEX` (`name`,`item_id`) ) ENGINE=MyISAM DEFAULT CHARSET=utf8;
DROP TABLE IF EXISTS `sdc98_zoo_version`;
CREATE TABLE `sdc98_zoo_version` (   `version` varchar(255) NOT NULL ) ENGINE=MyISAM DEFAULT CHARSET=utf8;
INSERT INTO `sdc98_zoo_version`  VALUES ('3.1.6');
